id,name,common_name,formula,odor_description,taste_profiles
7362,2-Furaldehyde,2-Furaldehyde,,fragrant@bread@woody@sweet@baked@almond,sweet
20653,2-Methylhexanoic Acid,2-Methylhexanoic Acid,,lard@oily@fatty@fruity@cheese,sweet;umami
5364399,Ethyl 2-octenoate,Ethyl 2-octenoate,,oil@must@waxy@fruit@pungent@fruity@tropical@green,sweet
61386,Isoamyl laurate,Isoamyl laurate,,peach@wine@brandy@waxy@oily@fatty@rum@beer,
8063,Pentanal,Pentanal,,bready@fermented@berry@malt@pungent@fruity@nutty@almond,sweet;sour;umami
7909,4-Methyl-2-pentanone,4-Methyl-2-pentanone,,solvent@spice@herbal@sharp@fruity@dairy@green,sweet
16617,Isopentyl hexanoate,Isopentyl hexanoate,,apple@pineapple@banana@fruity@green,sweet
11124,Methyl Propionate,Methyl Propionate,,harsh@apple@strawberry@fresh@rum@fruity,sweet;bitter
12327,Ethyl Undecanoate,Ethyl Undecanoate,,coconut@waxy@fatty@soapy@cognac,
7501,Styrene,Styrene,,balsamic@gasoline@floral@sweet@balsam@plastic,sweet
12508,Isopropyl Propionate,Isopropyl Propionate,,banana@sweet@ether@pineapple@bitter@fruity,sweet;bitter
31249,Diethyl Succinate,Diethyl Succinate,,peach@chocolate@apple@apricot@mild@wine@grape@musty@fruit@fruity@cranberry@pear@ylang@cooked,sweet
637520,Methyl cinnamate,Methyl cinnamate,,balsam@sweet@cherry@strawberry,sweet
1031,1-propanol,1-propanol,,alcoholic@fermented@alcohol@musty@fusel@pungent@peanut,sour;umami
7762,Ethyl Butyrate,Ethyl Butyrate,,apple@pineapple@banana@fruit@fruity@juicy@cognac,sweet
8051,2-Heptanone,2-Heptanone,,coconut@soap@herbal@sweet@woody@fruity@spicy@cinnamon,sweet
6560,2-Methyl-1-propanol,2-Methyl-1-propanol,,solvent@ether@wine@bitter,bitter
8468,Vanillic acid,Vanillic acid,,powdery@vanilla@bean@milky@sweet@creamy@dairy,sweet
7344,Ethyl Lactate,Ethyl Lactate,,butterscotch@butter@tart@sharp@fruit@fruity@buttery,sweet;sour
7915,Isopropyl Acetate,Isopropyl Acetate,,ethereal@chemical@banana@sweet@fruity,sweet
8073,Propyl Formate,Propyl Formate,,rum@sweet@green@berry@ethereal@bitter@fruity,sweet;bitter
6054,2-Phenylethanol,2-Phenylethanol,,lilac@rose@rose water@honey@rose flower@floral@spice@bitter@rose dried,sweet;bitter
9589,3-Acetylpyridine,3-Acetylpyridine,,dry@sweet@woody@hawthorn@nutty@popcorn@phenolic,sweet
8025,Ethyl Formate,Ethyl Formate,,alcohol@rose@pungent@cognac@green@ethereal@bitter,bitter
957,1-octanol,1-octanol,,burnt@orange@rose@waxy@chemical@metal@aldehydic@mushroom@green,umami
5363388,cis-3-Hexenyl acetate,cis-3-Hexenyl acetate,,apple@fresh@banana@sweet@fruity@grassy@green,sweet
8094,Heptanoic Acid,Heptanoic Acid,,sour@cheesy@sweat@rancid@cheese,sour;umami
460,guaiacol,guaiacol,,spice@vanilla@smoky@sweet@woody@phenolic@medicine@medicinal@smoke,sweet
8184,1-Undecanol,1-Undecanol,,citrus@clean clothes@rose@waxy@fresh@mandarin@floral@soapy,sour
3776,isopropanol,isopropanol,,woody@bitter@musty@alcohol,bitter
6584,Methyl Acetate,Methyl Acetate,,sweet@bitter@ether@fruity,sweet;bitter
7361,Furfuryl Alcohol,Furfuryl Alcohol,,coffee@alcoholic@bitter@musty@chemical@caramel@sweet@burnt@bread,sweet;bitter
16237,Ethyl 3-phenylpropionate,Ethyl 3-phenylpropionate,,rose@rum@fruity@honey@hyacinth@flower,sweet
19310,Dimethyl trisulfide,Dimethyl trisulfide,,sulfur@cabbage@sulfurous@onion@fish@savory@meaty@cooked,umami
7711,2-Phenylethyl formate,2-Phenylethyl formate,,hyacinth@rose@green@herbal@watercress@bitter,bitter
16821,gamma-Dodecalactone,gamma-Dodecalactone,,peach@fatty@musty@fruit@sweet@fruity@metallic@flower,sweet
5318042,trans-2-Hexen-1-Ol,trans-2-Hexen-1-Ol,,leafy@alcohol@pepper@wine@green@fresh@fruit@unripe banana@fruity@leaf@walnut,sweet
7749,Ethyl Propionate,Ethyl Propionate,,pineapple@grape@fruit@sweet@rum@fruity@juicy,sweet
126,4-hydroxybenzaldehyde,4-hydroxybenzaldehyde,,woody@sweet@balsam@nutty@almond,sweet
8042,Isopropyl Myristate,Isopropyl Myristate,,oily@fatty@faint@cinnamon,
263,1-butanol,1-butanol,,oil@vanilla@fruit@fusel@sweet@balsam@medicine@medicinal,sweet
8103,1-Hexanol,1-Hexanol,,oil@alcoholic@ethereal@resin@fusel@sweet@fruity@flower@green,sweet
61814,"2,4-Dimethylbenzaldehyde","2,4-Dimethylbenzaldehyde",,spice@vanilla@naphthyl@cherry@almond,sweet
4133,methyl salicylate,methyl salicylate,,mint@wintergreen@peppermint,
1049,Pyridine,Pyridine,,sour@putrid@fishy@rancid@sickening@amine,sour
9256,Thiazole,Thiazole,,nutty@pyridine@meaty,umami
1136,4-Methyl-5-Thiazoleethanol,4-Methyl-5-Thiazoleethanol,,sulfur@cooked beef juice@fatty,
8091,Methyl octanoate,Methyl octanoate,,orange@vegetable@herbal@waxy@sweet@aldehydic@green,sweet
326,4-isopropylbenzaldehyde,4-isopropylbenzaldehyde,,spicy@acid@herbal@sharp@oily@cumin@green,
8892,Hexanoic Acid,Hexanoic Acid,,fatty@sour@sweat@cheese,sour;umami
379,octanoic acid,octanoic acid,,cheesy@sweat@vegetable@waxy@fatty@rancid@oily@cheese,umami
14286,2-Acetylpyridine,2-Acetylpyridine,,tobacco@oily@fatty@heavy@popcorn@corn@chip,
8365,Ethyl salicylate,Ethyl salicylate,,mint@floral@wintergreen@sweet@balsam@minty@spicy,sweet
8038,Isobutyl Acetate,Isobutyl Acetate,,apple@sweet@fruity@tropical@fruit@ethereal@bitter@banana,sweet;bitter
7797,Ethyl Heptanoate,Ethyl Heptanoate,,pineapple@wine@fruit@plum@fruity@melon@rum@cognac,sweet
11508,3-Methyl-1-Pentanol,3-Methyl-1-Pentanol,,wine@fusel@cocoa@fruity@cognac@green,sweet
10430,Isovaleric Acid,Isovaleric Acid,,sour@sweat@acid@stinky@sweaty@animal@rancid@tropical@feet@cheese,sour;umami
11902,Methyl 2-furoate,Methyl 2-furoate,,tobacco@fungal@sweet@fruity@mushroom,sweet;umami
637758,Ethyl Cinnamate,Ethyl Cinnamate,,,
7802,3-Heptanone,3-Heptanone,,fatty@powerful@fruity@green,sweet
5364231,cis-3-Hexenyl lactate,cis-3-Hexenyl lactate,,leafy@waxy@sweet@melon@tropical@leaf@fruity@violet@green,sweet
7654,Phenethyl acetate,Phenethyl acetate,,tobacco@rose@floral@sweet@honey@fruity@tropical,sweet
10976,2-Heptanol,2-Heptanol,,lemon@mushroom@sweet@floral@green@herbal@fresh@grass@bitter@fruity,sweet;bitter;umami
527,Propionaldehyde,Propionaldehyde,,solvent@alcohol@whiskey@wine@earthy@cocoa@pungent@nutty,
12257,Isopropyl Formate,Isopropyl Formate,,ethereal@cocoa@tropical@solvent,
16255,Isopentyl octanoate,Isopentyl octanoate,,coconut@pineapple@oily@sweet@fruity@soapy@green,sweet
31251,Ethyl Nonanoate,Ethyl Nonanoate,,rose@wine@waxy@rum@fruity@tropical@natural,sweet
6561,Isobutyraldehyde,Isobutyraldehyde,,malt@fresh@floral@pungent@aldehydic@green,
7800,Ethyl dodecanoate,Ethyl dodecanoate,,waxy@floral@sweet@clean@leaf@soapy,sweet
643820,nerol,nerol,,neroli@natural@citrus@sweet@magnolia@bitter,sweet;sour;bitter
62465,4-Ethyl-2-methoxyphenol,4-Ethyl-2-methoxyphenol,,spice@smoky@clove@bacon@spicy@phenolic,
31284,Methyl tetradecanoate,Methyl tetradecanoate,,fatty@orris@waxy@petal,
31265,Ethyl caproate,Ethyl caproate,,pineapple@apple peel@waxy@banana@fruit@sweet@fruity@green,sweet
5366038,"2-Butenoic acid, hexyl ester","2-Butenoic acid, hexyl ester",,,
22386,2-Pentanol,2-Pentanol,,oil@fermented@mild@fusel@green,sour;umami
7795,Isoamyl butyrate,Isoamyl butyrate,,hop_oil@apricot@whiskey@banana@tropica@papaya@melon@fruity@pear@green,sweet
22873,Hexyl Hexanoate,Hexyl Hexanoate,,peach@vegetable@herbal@apple peel@fresh@cut grass@fruity,sweet
12209,2-Methylbutyl Acetate,2-Methylbutyl Acetate,,overripe fruit@banana@fruit@sweet@peanut@juicy,sweet
10448,3-methylthiopropanol,3-methylthiopropanol,,sulfurous@potato@onion@vegetable@sweet@soup,sweet
7799,Ethyl Octanoate,Ethyl Octanoate,,apricot@fat@wine@waxy@banana@brandy@fruit@sweet@fruity@pear,sweet
284,formic acid,formic acid,,pungent@vinegar@formyl,sour
12613,Isoamyl Isovalerate,Isoamyl Isovalerate,,apple@jammy@ripe@sweet@fruity@tropical@mango@green,sweet
6590,Isobutyric Acid,Isobutyric Acid,,rancid@butter@strawberry@cheese,umami
17525,Hexyl Butyrate,Hexyl Butyrate,,apple@apple peel@waxy@sweet@fruity@soapy@green,sweet
8052,Isopentyl formate,Isopentyl formate,,blackcurrant@ethereal@vinous@green@earthy@fruit@plum@dry,
264,butyric acid,butyric acid,,butter@sweat@acetic@sharp@rancid@fruit@cheese,umami
753,glycerol,glycerol,,odorless@sweet,sweet
24020,Ethyl 2-methylbutyrate,Ethyl 2-methylbutyrate,,apple@sharp@sweet@plum@fruity@green,sweet
7997,Propyl acetate,Propyl acetate,,solvent@fusel@pear@celery@raspberry@bitter@fruity,sweet;bitter
7590,Ethyl Phenylacetate,Ethyl Phenylacetate,,grapefruit@balsam@rose@anise@chocolate@honey@melon@fruit@sweet@floral@raspberry@bitter@cocoa,sweet;bitter
61455,Hexyl isovalerate,Hexyl isovalerate,,apple skin@strawberry@sweet@fruity@unripe fruit@green,sweet
7945,Ethyl Isovalerate,Ethyl Isovalerate,,apple@pineapple@tutti frutti@fruit@sweet@fruity,sweet
7655,Phenethyl isobutyrate,Phenethyl isobutyrate,,peach@rose@pastry@tea@floral@bitter@fruity,sweet;bitter
5791138,4-[(Z)-prop-1-enyl]phenol,4-[(Z)-prop-1-enyl]phenol,,,
8792,Phenylethyl isovalerate,Phenylethyl isovalerate,,rose@peach@apricot@sweet@floral@bitter@fruity,sweet;bitter
5366074,Damascenone,Damascenone,,apple@tobacco@rose@smoky@sweet@honey,sweet
61185,Amyl octanoate,Amyl octanoate,,orris@sweet@wine,sweet
7761,Diethyl Malonate,Diethyl Malonate,,apple@sweet@fruity@green,sweet
12293,Propyl Hexanoate,Propyl Hexanoate,,pineapple@fruit@sweet@fruity@tropical@juicy@green,sweet
20861,4-Ethylbenzaldehyde,4-Ethylbenzaldehyde,,sweet@almond@bitter,sweet;bitter
8738,Butyl Lactate,Butyl Lactate,,fermented@waxy@creamy@fruity@mushroom,sweet;sour;umami
10886,Pentyl Hexanoate,Pentyl Hexanoate,,apple@pineapple@fatty@estery@sweet@fruity@pear@green,sweet
83036,13002-09-0,13002-09-0,,alcoholic@fermented@ethereal@fruity@green,sweet;sour;umami
7803,Propyl Propionate,Propyl Propionate,,sweet@pungent@chemical@pineapple@sharp@bitter@fruity,sweet;bitter
10895,Isobutyl propionate,Isobutyl propionate,,banana@tutti frutti@sweet@fruity@green@bitter@ether,sweet;bitter
999,Phenylacetic Acid,Phenylacetic Acid,,honeysuckle@sour@waxy@floral@sweet@honey@civet@flower,sweet;sour
61384,2-Phenylethyl hexanoate,2-Phenylethyl hexanoate,,pineapple@sweaty@waxy@banana@floral@woody@sweet@honey@green,sweet
7658,Phenethyl butyrate,Phenethyl butyrate,,yeast@strawberry@floral@musty@sweet,sweet
9862,6-Methyl-5-Hepten-2-One,6-Methyl-5-Hepten-2-One,,pepper@apple@mushroom@citrus@musty@rubber@nutty@green@hazelnut@bitter@lemongrass,sour;bitter;umami
7775,Isobutyl hexanoate,Isobutyl hexanoate,,peach@pineapple@sweet@fruity@tropical@green,sweet
229888,2-Phenylethyl octanoate,2-Phenylethyl octanoate,,waxy@cocoa@sweet@fruity@green,sweet
7351,Isobutyl isobutyrate,Isobutyl isobutyrate,,tropical@pineapple@grape skin,
7772,Isoamyl propionate,Isoamyl propionate,,tomato@ripe@sweet@fruity@tropical@fruit@pineapple@bitter@banana,sweet;bitter
454,Octanal,Octanal,,lemon@citrus@soap@orange peel@fat@waxy@fatty@aldehydic@green,sour
7165,Ethyl Benzoate,Ethyl Benzoate,,dry@celery@wintergreen@grape@cherry@fruity@sweet@plum@anise@musty@camomile@balsam@strawberry@fruit@minty@berry@cranberry@raspberry@bitter@banana@flower,sweet;bitter
31272,Butyl acetate,Butyl acetate,,solvent@ethereal@banana@fruity@pear,sweet
3893,lauric acid,lauric acid,,coconut@mild@fatty@metal@bay oil,
445639,oleic acid,oleic acid,,lard@fat@waxy@fatty@fried@faint,
31260,3-Methyl-1-butanol,3-Methyl-1-butanol,,oil@alcoholic@burnt@whiskey@malt@banana@fusel@fruity,sweet
520326,3-Methylbutyl 2-methylbutanoate,3-Methylbutyl 2-methylbutanoate,,citrus@apple@sweet@blueberry@fruity@cherry,sweet;sour
8908,Hexyl acetate,Hexyl acetate,,apple@sweet@banana@fruit@green@herb@bitter@fruity,sweet;bitter
24197,Diethyl Malate,Diethyl Malate,,,
7302,gamma-Butyrolactone,gamma-Butyrolactone,,caramel@oily@fatty@sweet@creamy,sweet
61346,1-Octen-3-One,1-Octen-3-One,,herbal@earthy@metal@musty@mushroom@dirty,umami
612,lactic acid,lactic acid,,odorless,
7824,Methyl Hexanoate,Methyl Hexanoate,,pineapple@ether@fresh@fruit@sweet@fruity,sweet
10882,Ethyl pentanoate,Ethyl pentanoate,,yeast@apple@pineapple@fruit@sweet@fruity@tropical@green,sweet
31276,Isoamyl Acetate,Isoamyl Acetate,,bitter@solvent@banana@fruity@sweet,sweet;bitter
61048,Isobutyl benzoate,Isobutyl benzoate,,powdery@musty@sweet@fruity@balsam,sweet
332,2-Methoxy-4-vinylphenol,2-Methoxy-4-vinylphenol,,curry@smoky@clove@peanut@spicy,
31225,2-Phenylethyl propionate,2-Phenylethyl propionate,,red rose@floral@fruity@balsam@honey@styrax,sweet
31242,4-Ethylphenol,4-Ethylphenol,,smoke@castoreum@spice@alcohol@guaiacol@phenol@medicinal@phenolic,
11732,3-Methyl-2-Butanol,3-Methyl-2-Butanol,,fruity,sweet
8314,2-Methylbutanoic acid,2-Methylbutanoic acid,,sour@sweat@acid@strawberry@roquefort cheese@pungent@cheese,sour;umami
14228,Hexyl octanoate,Hexyl octanoate,,oil@apple@berry@waxy@ester@fruity@herb@green,sweet
6549,Linalool,Linalool,,lemon@citrus@orange@floral@sweet@woody@blueberry@bois de rose@lavender@flower@green,sweet;sour
1032,propionic acid,propionic acid,,cheesy@soy@acidic@vinegar@rancid@pungent,sour
8180,Undecanoic Acid,Undecanoic Acid,,oil@coconut@waxy@fatty@creamy@cheese,umami
222656,L-Malic acid,L-Malic acid,,odorless,
7765,Acetal,Acetal,,cream@nut@tart@ether@vegetable@earthy@fruit@sweet@honey@green,sweet;sour
14296,"2,3,5,6-Tetramethylpyrazine","2,3,5,6-Tetramethylpyrazine",,chocolate@burnt@lard@musty@coffee@cocoa@soybean@nutty,bitter
1183,vanillin,vanillin,,vanilla@chocolate@sweet@creamy,sweet
12232,Dimethyl disulfide,Dimethyl disulfide,,citrus@cabbage@sulfurous@putrid@wine_like@onion@vegetable@fatty@floral@earthy@woody@fruity@herbaceous@nutty@meaty@spicy@green,sweet;sour;umami
11579,Levulinic Acid,Levulinic Acid,,caramel@acetoin@acidic@sweet@buttery,sweet;sour
12587,4-Methylpentanoic Acid,4-Methylpentanoic Acid,,pungent@cheese,umami
878,methanethiol,methanethiol,,sulfur@garlic@gasoline@decomposing cabbage,
1001,Phenethylamine,Phenethylamine,,ammoniacal@fishy,
8369,Maltol,Maltol,,caramel@jam@bread@cotton@sweet@fruity@baked@candy,sweet
402,hydrogen sulfide,hydrogen sulfide,,egg@rotten,
6086514,Geranyl isobutyrate,Geranyl isobutyrate,,peach@apricot@rose@floral@sweet@fruity@green,sweet
1068,dimethyl sulfide,dimethyl sulfide,,sulfur@sulfurous@cabbage@onion@gasoline@vegetable@sulfury@sweet corn@tomato@radish@wild@green,sweet
1130,thiamine,thiamine,,bitter,bitter
1060,Pyruvic acid,Pyruvic acid,,acetic@sour@sharp@caramellic,sweet;sour
644104,CID 644104,CID 644104,,grassy@very mild,
62835,28664-35-9,28664-35-9,,maple@caramel@cotton candy@tobacco@spice@burnt@smoky@fennel@coffee@sugar@extremely sweet@celery@strong@seedy,sweet;bitter
8158,Nonanoic Acid,Nonanoic Acid,,cultured dairy@fat@waxy@green@dirty@cheese,umami
569214,1-Phenylethyl isobutyrate,1-Phenylethyl isobutyrate,,jasmin@tropical@fruity@mango@green,sweet
18522,2-Methyltetrahydrofuran-3-One,2-Methyltetrahydrofuran-3-One,,solvent@bread@buttery@sweet@nutty,sweet
36822,"5,6,7,8-Tetrahydroquinoxaline","5,6,7,8-Tetrahydroquinoxaline",,nut@roasted@bean@musty@cheese@cereal@corn@chip,umami
65064,(-)-Epigallocatechin gallate,(-)-Epigallocatechin gallate,,bitter,bitter
107905,(-)-Epicatechin gallate,(-)-Epicatechin gallate,,bitter,bitter
643731,Violet leaf aldehyde,Violet leaf aldehyde,,wax@fatty@cucumber@dry@leaf@violet@green,
5283324,trans-2-Octenal,trans-2-Octenal,,nut@fat@herbal@fresh@green@fatty@banana@waxy@leaf@cucumber,
18827,1-Octen-3-Ol,1-Octen-3-Ol,,raw@fishy@oily@earthy@fungal@chicken@mushroom@green,umami
18635,3-(Methylthio)propionaldehyde,3-(Methylthio)propionaldehyde,,potato@vegetable@tomato@fishy@musty@earthy@creamy@peanut@cooked potato@beef,
5364752,trans-2-Pentenal,trans-2-Pentenal,,apple@orange@tomato@strawberry@fruit@pungent@fruity@green,sweet
25915,2-Ethyl-5-Methylpyrazine,2-Ethyl-5-Methylpyrazine,,bean@fruit@sweet@coffee,sweet;bitter
6202,Thiamine Hydrochloride,Thiamine Hydrochloride,,mild@sour@bitter,sour;bitter
10883,Ethyl Levulinate,Ethyl Levulinate,,berry@pineapple@floral@sweet@fruity@rhubarb@green,sweet
179,acetoin,acetoin,,butter@cream@milky@fatty@creamy@sweet@dairy@buttery,sweet
13187,2-Nonanone,2-Nonanone,,soap@herbal@fresh@fishy@hot milk@earthy@sweet@soapy@weedy@green,sweet
10931,"3,3-Dimethylacrylic acid","3,3-Dimethylacrylic acid",,alcohol@dairy@phenolic@green,
61209,"3-Methylcyclopentane-1,2-dione","3-Methylcyclopentane-1,2-dione",,,
8194,Dodecanal,Dodecanal,,citrus@fat@waxy@floral@lily@aldehydic@soapy@green,sour
5283335,trans-2-Nonenal,trans-2-Nonenal,,waxy@green@fatty@paper@melon@cucumber,
72277,(-)-Epigallocatechin,(-)-Epigallocatechin,,bitter,bitter
15037,1-Furfurylpyrrole,1-Furfurylpyrrole,,vegetable@waxy@plastic@coffee@fruity@green,sweet;bitter
8093,Octan-2-one,Octan-2-one,,natural@earthy@gasoline@weedy@herbal@woody@bitter@soap,bitter
9064,Cianidanol,Cianidanol,,bitter,bitter
31245,2-Methylpentanal,2-Methylpentanal,,ethereal@fruity@green,sweet
31268,Pyrrolidine,Pyrrolidine,,alkaline@egg@animal@ammoniacal@amine,
7710,gamma-Nonanolactone,gamma-Nonanolactone,,peach@coconut@waxy@oily@creamy@sweet@buttery,sweet
5283329,"(2E,4E)-Octa-2,4-dienal","(2E,4E)-Octa-2,4-dienal",,green@fatty@melon@pear@seaweed@cucumber,
5283339,"trans,trans-2,4-Nonadienal","trans,trans-2,4-Nonadienal",,,
247,betaine,betaine,,bland,
14079,2-Acetylpyrrole,2-Acetylpyrrole,,nut@licorice@coumarin@bread@musty@nutty@walnut,
8914,1-Nonanol,1-Nonanol,,fatty@dusty@rose@fat@floral@green@clean@wet@orange@fresh@bitter@oily,bitter
12020,1-Penten-3-Ol,1-Penten-3-Ol,,butter@pungent@tropical@horseradish@green@vegetable@bitter@fruity,sweet;bitter
637920,Methyl propenyl ketone,Methyl propenyl ketone,,acetone@fishy@fruity@phenolic,sweet
10957,Isobutyl Formate,Isobutyl Formate,,ether@sweet@fruity@chemical,sweet
7894,Isoamylamine,Isoamylamine,,unpleasant@ammonia,
61663,13679-70-4,13679-70-4,,sulfur@acetophenone@sweet@woody@cherry@almond@furfural,sweet
65084,Gallocatechin,Gallocatechin,,bitter,bitter
72276,(-)-Epicatechin,(-)-Epicatechin,,bitter,bitter
62131,Furfuryl methyl disulfide,Furfuryl methyl disulfide,,roasted@sulfury@fishy@coffee@meaty@alliaceous@smoke,bitter;umami
8785,Benzyl Acetate,Benzyl Acetate,,apple@bitter@apricot@plum@jasmine@boiled vegetable@cherry@sweet@floral@fresh@jasmin@fruity,sweet;bitter
5352905,"4-Propenyl-2,6-dimethoxyphenol","4-Propenyl-2,6-dimethoxyphenol",,sweet@spicy,sweet
8163,2-Undecanone,2-Undecanone,,orange@waxy@fresh@fatty@floral@iris@creamy@fruity@orris@green,sweet
5281,stearic acid,stearic acid,,fatty@odorless@mild,
62453,4-Vinylphenol,4-Vinylphenol,,medical@chemical@almond shell@sweet@phenolic,sweet
11622,2-Tridecanone,2-Tridecanone,,coconut@herbal@milky@waxy@fatty@earthy@dairy@nutty,
5370602,5-Methyl-2-phenyl-2-hexenal,5-Methyl-2-phenyl-2-hexenal,,chocolate@bitter@butyric@cocoa@sweet@fruity@aldehydic@nut skin@green,sweet;bitter
19602,2-Pentylfuran,2-Pentylfuran,,butter@green bean@vegetable@earthy@beany@fruity@metallic@green,sweet
798,indole,indole,,burnt@jasmine@mothball@animal@fishy@floral@moth ball@naphthelene@honey@fecal,sweet
12748,4-Methylthiazole,4-Methylthiazole,,vegetable@tomato@nutty@roasted meat@green,
11005,Tetradecanoic acid,Tetradecanoic acid,,fatty@soapy@waxy@coconut,
7151,Methyl Nicotinate,Methyl Nicotinate,,tobacco@herbal@warm,
998,phenylacetaldehyde,phenylacetaldehyde,,hyacinth@honey@clover@sweet@hawthorne@cocoa@grapefruit@green@peanut@floral@bitter,sweet;bitter
8027,Pyrrole,Pyrrole,,ethereal@nutty@sweet@warm,sweet
5282726,4-Decenoic acid,4-Decenoic acid,,,
26808,"2,3,5-Trimethylpyrazine","2,3,5-Trimethylpyrazine",,hazelnut@roast@roasted@powdery@potato@must@musty@earthy@cocoa@peanut@nutty,
996,phenol,phenol,,phenol@plastic@rubber@phenolic,
7144,2-Methoxy-4-Methylphenol,2-Methoxy-4-Methylphenol,,phenolic@clove@leather@smoky@bacon@medical@mesquite@carnation@medicinal@bitter@vanilla@spice,sweet;bitter
5321950,Tiglic aldehyde,Tiglic aldehyde,,ethereal@anisic@fruit@pungent@fruity@nutty@green,sweet
5284507,Nerolidol,Nerolidol,,citrus@wax@waxy@floral@woody@wood@flower@green,sour
32065,23747-48-0,23747-48-0,,roast@nut@roasted@potato@earthy@baked@peanut,
135,4-Hydroxybenzoic Acid,4-Hydroxybenzoic Acid,,nutty@phenolic,
853433,Isoeugenol,Isoeugenol,,carnation@clove@floral@sweet@woody@flower@spicy@phenolic,sweet
12097,5-Methylfurfural,5-Methylfurfural,,caramel@spice@burnt sugar@maple@almond,sweet
5283316,(E)-Hept-2-enal,(E)-Hept-2-enal,,soap@vegetable@fat@fresh@fatty@pungent@almond@green,
7976,2-Methylpyrazine,2-Methylpyrazine,,chocolate@roasted@cocoa@peanut@nutty@popcorn@green,
61712,4-Ethylsyringol,4-Ethylsyringol,,,
15606,Methyl Nonanoate,Methyl Nonanoate,,coconut@wine@waxy@sweet@fruity@tropical@pear,sweet
7469,4'-Hydroxyacetophenone,4'-Hydroxyacetophenone,,mild@sweet@balsam@hawthorn@mimosa,sweet
17100,alpha-TERPINEOL,alpha-TERPINEOL,,"floral, lilac",
5284421,Methyl Linoleate,Methyl Linoleate,,,
11552,3-Methylbutanal,3-Methylbutanal,,peach@sour@chocolate@ethereal@malt@fatty@aldehydic,sour
20083,Octan-2-ol,Octan-2-ol,,fat@herbal@fresh@earthy@woody@mushroom@spicy@green,umami
110664,Cycloionone,Cycloionone,,,
7284,2-Methylbutyraldehyde,2-Methylbutyraldehyde,,musty@coffee@cocoa@nutty@almond,bitter
7150,Methyl Benzoate,Methyl Benzoate,,prune@cananga@floral@wintergreen@lettuce@sweet@almond@herb@phenolic,sweet
170833,Isopulegol,Isopulegol,,cooling@minty@woody@medicinal,
985,palmitic acid,palmitic acid,,fatty@slightly waxy,
11527,3-Octanol,3-Octanol,,citrus@nut@moss@herbal@earthy@woody@melon@minty@mushroom@spicy,sour;umami
12041,Ethyl Pyruvate,Ethyl Pyruvate,,,
7957,"2,6-Dimethyl-4-heptanol","2,6-Dimethyl-4-heptanol",,fermented@mild@ethereal@fresh@yeasty,sour;umami
61275,Nerol oxide,Nerol oxide,,oil@diphenyl oxide@cortex@herbal@narcissus@celery@weedy@flower@green,
24516,Isobutyl heptanoate,Isobutyl heptanoate,,herbal@fruity@green,sweet
5324489,cis-2-Hexen-1-ol,cis-2-Hexen-1-ol,,,
7409,1-Phenylethanol,1-Phenylethanol,,acetophenone@gardenia@fresh@sweet@hyacinth,sweet
8129,1-Heptanol,1-Heptanol,,leafy@coconut@herbal@peony@strawberry@chemical@musty@sweet@woody@violet@green,sweet
8748,Beta-Terpineol,Beta-Terpineol,,must@earthy@pungent@woody,
61665,13679-86-2,13679-86-2,,spice@herbal@rosemary@minty@phenolic@green,
7895,2-Pentanone,2-Pentanone,,potato@alcohol@ether@ethereal@wine@banana@fishy@fruit@sweet@woody@fruity,sweet
12729,Ethyl 10-Undecenoate,Ethyl 10-Undecenoate,,waxy@musty@creamy@clean@fruity@soapy@cognac,sweet
18698,Delta-Nonalactone,Delta-Nonalactone,,coconut@coumarin@milky@creamy@sweet,sweet
61293,Ethyl 3-hydroxyhexanoate,Ethyl 3-hydroxyhexanoate,,citrus@pineapple@smoky@grape@fresh@fruity,sweet;sour
61592,Ethyl 3-(methylthio)propionate,Ethyl 3-(methylthio)propionate,,pineapple@tomato@sulfury@ripe@fruity@pulpy@metallic,sweet
8048,Ethyl Decanoate,Ethyl Decanoate,,apple@brandy@waxy@grape@oily@sweet@fruity@pear,sweet
8122,Ethyl Stearate,Ethyl Stearate,,waxy@mild,
11520,3-Heptanol,3-Heptanol,,herbal@powerful@bitter@herb,bitter
12756,gamma-Caprolactone,gamma-Caprolactone,,coconut@tobacco@coumarin@herbal@sweet,sweet
12178,3-Hexanol,3-Hexanol,,alcoholic@alcohol@ether@medicinal,
5364941,trans-2-Nonen-1-ol,trans-2-Nonen-1-ol,,violet@melon@waxy@green,
8139,Methyl Dodecanoate,Methyl Dodecanoate,,coconut@fat@waxy@creamy@soapy@mushroom,umami
11747,"2,3-Pentanedione","2,3-Pentanedione",,butter@cream@caramel@sweet@pungent@creamy@nutty@cheese,sweet;umami
8186,Undecanal,Undecanal,,oil@laundry@citrus@waxy@fresh@floral@fatty@sweet@pungent@aldehydic@soapy@green,sweet;sour
10362,Carvomenthone,Carvomenthone,,minty@spearmint@herbal,
638014,Beta-Ionone,Beta-Ionone,,violet@orange@powdery@jam@seaweed@floral@woody@orris@raspberry@flower@dry,
1550470,Ethyl Sorbate,Ethyl Sorbate,,,
8655,Syringaldehyde,Syringaldehyde,,mild@sweet@woody@tonka@plastic,sweet
17739,2-Methoxy-4-Propylphenol,2-Methoxy-4-Propylphenol,,powdery@allspice@clove@pepper@sharp@fishy@phenol@sweet@anise@balsam@soapy@spicy@phenolic,sweet
8500,4'-Methylacetophenone,4'-Methylacetophenone,,hawthorne@acetophenone@coumarin@sweet@bitter almond@hawthorn@cherry@mimosa,sweet;bitter
31283,Ethyl tetradecanoate,Ethyl tetradecanoate,,ether@waxy@sweet@soapy@orris@violet,sweet
7043,"1,2-Dimethoxybenzene","1,2-Dimethoxybenzene",,vanilla@musty@creamy@sweet@phenolic,sweet
246728,3-Octanone,3-Octanone,,butter@herbal@resin@fresh@mushroom@sweet@lavender@herb,sweet;umami
10795,"1,1-Dimethoxyethane","1,1-Dimethoxyethane",,alcohol@ether@sharp@new mown hay@sweet@green,sweet
31289,Nonanal,Nonanal,,citrus@lime@orange peel@rose@fat@green@fishy@waxy@fresh@fatty@peely@aldehydic@orris@grapefruit,sour
7720,2-Ethylhexan-1-ol,2-Ethylhexan-1-ol,,citrus@rose@fresh@floral@oily@sweet@green,sweet;sour
14529,2-(4-methylphenyl)propan-2-ol,2-(4-methylphenyl)propan-2-ol,,citrus@coumarin@must@floral@sweet@fruity@cherry@camphor,sweet;sour
1549778,Geranylacetone,Geranylacetone,,magnolia@rose@fresh@floral@aldehydic@fruity@leaf@green,sweet
98497,Campholenic aldehyde,Campholenic aldehyde,,leafy@amber@herbal@woody@green,
8174,1-Decanol,1-Decanol,,orange@rose@fat@waxy@fatty@floral@sweet@clean@watery,sweet
102667,Pinocarveol,Pinocarveol,,herbal@woody@balsam@pine@camphor,
12367,2-Nonanol,2-Nonanol,,citrus@orange@waxy@cucumber@creamy@fruity@cheese@green,sweet;sour;umami
107,3-Phenylpropanoic acid,3-Phenylpropanoic acid,,balsamic@rose@fatty@sweet@musk@cinnamon,sweet
5318599,trans-2-Octen-1-Ol,trans-2-Octen-1-Ol,,citrus@soap@green@plastic,sour
7342,Ethyl Isobutyrate,Ethyl Isobutyrate,,rubber@alcoholic@ethereal@strawberry@sweet@fusel@fruity@rummy,sweet
15448,2-Undecanol,2-Undecanol,,waxy@cotton@fresh@sarsaparilla@clean cloth,
11468,1-Terpineol,1-Terpineol,,must@woody@musty@dry,
2969,Decanoic acid,Decanoic acid,,sour@citrus@fat@rancid@fatty@unpleasant,sour
5364778,Ethyl hex-2-enoate,Ethyl hex-2-enoate,,vegetable@sweet@rum@fruity@juicy@green,sweet
12529,Pentyl formate,Pentyl formate,,ethereal@powerful@earthy@unripe banana@fruity@green,sweet
61020,3-Methyl-2-butenal,3-Methyl-2-butenal,,brown@sweet@pungent@fruity@cherry@nutty@almond,sweet
62900,Whiskey lactone,Whiskey lactone,,coconut@burnt@coumarin@toasted@celery@nutty@tonka,
61586,4-(Ethoxymethyl)-2-methoxyphenol,4-(Ethoxymethyl)-2-methoxyphenol,,alcoholic@chocolate@vanilla@smoky@sweet@rum@creamy@nutmeg@spicy,sweet
8167,Decyl Acetate,Decyl Acetate,,oil@citrus@orange@pineapple@rose@waxy@fresh@clean@laundered cloths@soapy,sour
6321405,Isoborneol,Isoborneol,,must@herbal@woody@balsam@camphor,
880,methylglyoxal,methylglyoxal,,brown@ethereal@acidic@sweet@rum,sweet;sour
10582,Myrtenol,Myrtenol,,mint@medical@woody@sweet@balsam@pine,sweet
10885,Isobutyl butyrate,Isobutyl butyrate,,apple@berry@pineapple@sweet@rum@fruity,sweet
650,"2,3-butanedione","2,3-butanedione",,butter@caramel@oily@creamy@sweet@pungent@strong,sweet
7559,Methyl Phenylacetate,Methyl Phenylacetate,,spice@waxy@floral@sweet@honey@almond,sweet
14514,2-Acetyl-5-Methylfuran,2-Acetyl-5-Methylfuran,,coconut@coumarin@milky@musty@hay@strong@nutty,
5282108,Alpha-Ionone,Alpha-Ionone,,floral@sweet@woody@tropical@fruity@wood@orris@raspberry@violet,sweet
15406,Fenchol,Fenchol,,dry@lemon@borneol@sweet@pine@camphor@woody@bitter,sweet;bitter
444539,Cinnamic Acid,Cinnamic Acid,,storax@sweet@honey@balsam,sweet
15654,4-Methyl-5-Vinylthiazole,4-Methyl-5-Vinylthiazole,,vegetable@musty@cocoa@root@nutty,
5319754,2-Methyl-2-Pentenal,2-Methyl-2-Pentenal,,,
325,4-isopropylbenzyl alcohol,4-isopropylbenzyl alcohol,,spicy@herb@herbal@leather@caraway@strong@wood@cumin,
12366,Ethyl Palmitate,Ethyl Palmitate,,mild@wax@milky@waxy@creamy@fruity@balsam,sweet
62374,1125-21-9,1125-21-9,,tobacco@musty@woody@sweet@leaf@tea,sweet
16220110,cis-3-Hexenyl crotonate,cis-3-Hexenyl crotonate,,vegetable@green,
6985,"2',4'-Dimethylacetophenone","2',4'-Dimethylacetophenone",,floral@woody@sweet@minty@mimosa,sweet
62572,Ethyl 3-hydroxybutyrate,Ethyl 3-hydroxybutyrate,,marshmallow@apple skin@grape@tropical@fruity@green,sweet
102550,Lavender lactone,Lavender lactone,,minty@fruity,sweet
602,Dl-Alanine,Dl-Alanine,,odorless,
3314,eugenol,eugenol,,clove@sweet@woody@honey@spicy@cinnamon,sweet
8294,Linalyl Acetate,Linalyl Acetate,,citrus@fruit@sweet@woody@bergamot@lavender@green,sweet;sour
8635,Methyl Anthranilate,Methyl Anthranilate,,neroli@flower@lemon@honey@strawberry@orange flower@grapefruit@medicinal@grape@bitter@fruity@lime,sweet;bitter
6544,Isophorone,Isophorone,,cooling@tobacco@cedarwood@leather@musty@woody@sweet@fruity@camphoraceous@camphor@green,sweet
1549026,Geranyl Acetate,Geranyl Acetate,,waxy@rose@lavender@green@floral@bitter,bitter
338,salicylic acid,salicylic acid,,nutty@faint@phenolic,
177,acetaldehyde,acetaldehyde,,ethereal@ether@whiskey@pungent@fruity@aldehydic,sweet
18467,2-Methoxypyrazine,2-Methoxypyrazine,,nutty@sweet@cocoa,sweet
12206,Methyl Valerate,Methyl Valerate,,apple@pineapple@sweet@fruity@nutty@green,sweet
73750,S-Methyl thioacetate,S-Methyl thioacetate,,sulfurous@cabbage@vegetable@egg@dairy@cheese,umami
7341,2-Methylpentanoic acid,2-Methylpentanoic acid,,sour@cheese,sour;umami
5281168,trans-2-Hexenal,trans-2-Hexenal,,leafy@apple@cheesy@vegetable@fat@banana@rancid@fatty@sweet@plum@fruity@aldehydic@almond@green,sweet
61171,S-Ethyl ethanethioate,S-Ethyl ethanethioate,,garlic@onion@sulfury@coffee@fruity@meaty,sweet;bitter;umami
5275520,Geranic Acid,Geranic Acid,,lemon@moldy@feet@acidic@dry@woody@weedy@green,sour
6428929,3-hydroxy-4-phenylbutan-2-one,3-hydroxy-4-phenylbutan-2-one,,creamy@fruity@sweet,sweet
25611,2-Methyl-3-Heptanone,2-Methyl-3-Heptanone,,leafy@fruity@green,sweet
180,acetone,acetone,,solvent@apple@pear@ethereal,
61664,13679-85-1,13679-85-1,,sulfur@cabbage@berry@must@onion@fruity@others,sweet
5366264,Hotrienol,Hotrienol,,mouldy,
5363817,alpha-Ionol,alpha-Ionol,,ionone@floral@sweet@woody@tropical@violet,sweet
8193,1-Dodecanol,1-Dodecanol,,coconut@wax@fat@waxy@fatty@earthy@honey@soapy,sweet
61041,Safranal,Safranal,,spicy@tobacco@herbal@fresh@sweet@rosemary@metallic@herb@phenolic,sweet
5283321,"trans,trans-2,4-Heptadienal","trans,trans-2,4-Heptadienal",,hazelnut@cinnamon,
5352876,"3,5-Octadien-2-one","3,5-Octadien-2-one",,fat@fatty@fruit@fruity@grassy@mushroom@green,sweet;umami
8858,Mesityl Oxide,Mesityl Oxide,,acrylic@vegetable@chemical@earthy@sweet@pungent,sweet
520440,1-p-Menthen-9-al,1-p-Menthen-9-al,,,
15394,Ethyl Vinyl Ketone,Ethyl Vinyl Ketone,,peppery@mustard@garlic@onion@fish@pungent,
9895,beta-Cyclocitral,beta-Cyclocitral,,mint@saffron@tobacco@herbal@damascone@sweet@tropical@clean@fruity@rose oxide@minty,sweet
61303,2-Pentadecanone,2-Pentadecanone,,jasmin@fresh@celery,
6433214,Bovolide,Bovolide,,minty@herbal@spicy,
7147,1-Phenyl-1-propanol,1-Phenyl-1-propanol,,floral@sweet@balsam,sweet
240,benzaldehyde,benzaldehyde,,cherry@almond@sweet@burnt sugar@sharp@strong@bitter,sweet;bitter
6354,Oxirane,Oxirane,,sweet@reminiscent of bruised apples@... ether-like odor,sweet
637566,Geraniol,Geraniol,,citrus@rose@waxy@floral@sweet@fruity@geranium,sweet;sour
62445,2-Methylbutyl isovalerate,2-Methylbutyl isovalerate,,apple@herbal@green@earthy@fruity@soapy@cheese,sweet;umami
12230,Ethyl methyl sulfide,Ethyl methyl sulfide,,sulfur@garlic@vegetable@sulfury@fatty@earthy@woody@nutty@wine_like@meaty@spicy@citrus@sulfurous@coffee@herbaceous@green@cabbage@pyridine@tomato@fishy@floral@fruity,sweet;sour;bitter;umami
1146,trimethylamine,trimethylamine,,sweaty@fish@fishy@oily@rancid@fruity,sweet
61137,Butyl pentanoate,Butyl pentanoate,,apple@pineapple@sweet@fruity@tropical@raspberry@green,sweet
7938,"2,6-Dimethylpyrazine","2,6-Dimethylpyrazine",,roast beef@roasted nuts@coffee@cocoa@roasted nut,bitter
14896,Beta-Pinene,Beta-Pinene,,resinous@resin@turpentine@green@hay@woody@pine@dry,
26331,2-Ethylpyrazine,2-Ethylpyrazine,,butter@peanut@musty@cocoa@nutty@wood@roasted@woody@bitter@peanut butter,bitter
26334,"2-Ethyl-3,5-Dimethylpyrazine","2-Ethyl-3,5-Dimethylpyrazine",,roast@burnt almonds@roasted nuts@potato@coffee,bitter
31252,"2,5-Dimethylpyrazine","2,5-Dimethylpyrazine",,roast beef@roasted nuts@grass@medical@cocoa@woody@medicine@roasted nut@medicinal,
335,o-cresol,o-cresol,,phenol@musty@medicinal@phenolic,
7937,"2,6-Dimethylpyridine","2,6-Dimethylpyridine",,bready@oily@woody@cocoa@nutty@amine,
22201,"2,3-Dimethylpyrazine","2,3-Dimethylpyrazine",,butter@caramel@nut@peanut butter@meat@leather@coffee@cocoa@peanut@nutty@almond@walnut,sweet;bitter
342,m-cresol,m-cresol,,medical@leather@woody@fecal@phenolic@medicinal@plastic,
519786,Isopentyl isobutyrate,Isopentyl isobutyrate,,pineapple@apricot@waxy@banana@fruity@green,sweet
7728,5-Ethyl-2-methylpyridine,5-Ethyl-2-methylpyridine,,raw@roasted@potato@earthy@strong@nutty,
62092,p-Tolyl isovalerate,p-Tolyl isovalerate,,tobacco@herbal@animal@sweet,sweet
6654,Alpha-Pinene,Alpha-Pinene,,harsh@turpentine@minty@fresh@earthy@sweet@woody@terpene@pine@camphor,sweet;bitter
61015,Butyl laurate,Butyl laurate,,oil@waxy@oily@fruity@peanut@soapy,sweet
10823,3-Ethylpyridine,3-Ethylpyridine,,caramel@citrus@tobacco@wine_like@smoky@vegetable@leather@oakmoss@fatty@floral@musty@woody@earthy@fruity@peanut@herbaceous@nutty@meaty@spicy@green,sweet;sour;umami
445070,farnesol,farnesol,,orange@linden@mild@clove@fresh@waxy@floral@muguet@sweet@anise@lily@balsam@angelica@pear@grapefruit,sweet
11335,"2,6-Dimethylphenol","2,6-Dimethylphenol",,rooty@coffee@sweet@medicinal@phenolic,sweet;bitter
8159,Heptyl acetate,Heptyl acetate,,apricot@fresh@ripe@fruit@woody@rum@pear@green,
12580,4-Propylphenol,4-Propylphenol,,medicinal@phenolic,
85519,3-(Methylthio)propyl acetate,3-(Methylthio)propyl acetate,,fatty@ester,
7267,"2,5-Dimethylphenol","2,5-Dimethylphenol",,bacon@sweet@naphthyl@phenolic@smoke,sweet
7222,Benzothiazole,Benzothiazole,,rubber@vegetable@gasoline@sulfury@meat@rubbery@coffee@nutty@cooked,bitter
5365069,53398-85-9,53398-85-9,,apple@fresh@sweet@fruity@pear@herb@green,sweet
8375,2'-Hydroxyacetophenone,2'-Hydroxyacetophenone,,tobacco@hawthorne@herbal@sweet@honey@hawthorn@phenolic,sweet
7047,Quinoline,Quinoline,,rubber@tobacco@medical@musty@earthy,
2879,P-Cresol,P-Cresol,,smoke@animal@narcissus@phenol@mimosa@medicine@medicinal@phenolic,
27457,2-Ethyl-3-Methylpyrazine,2-Ethyl-3-Methylpyrazine,,raw@hazelnut@roast@sweat@potato@bread@musty@earthy@peanut@nutty@corn,
31246,4-Heptanone,4-Heptanone,,pineapple@strawberry@sweet@fruity@peanut@cognac@cheese,sweet;umami
636687,"2,6-Nonadienal","2,6-Nonadienal",,citrus@fresh@green@melon@cucumber,sour
12777,delta-Octanolactone,delta-Octanolactone,,peach@coconut@fatty@sweet@tropical@dairy@tonka,sweet
7731,4-Methylanisole,4-Methylanisole,,powdery@cresol@naphthyl@camphoraceous@nutty@ylang@cedar,
33637,2-Methylanisole,2-Methylanisole,,warm@floral@earthy@sweet@nutty@flower@walnut,sweet
7002,1-Methylnaphthalene,1-Methylnaphthalene,,naphthyl@medicinal@chemical@camphor,
7826,Methyl Heptanoate,Methyl Heptanoate,,berry@waxy@floral@fruit@sweet@orris@green,sweet
13357,Methyl 2-methylbutyrate,Methyl 2-methylbutyrate,,apple@tutti frutti@fatty@sweet@fruity@green,sweet
7520,Thioanisole,Thioanisole,,solvent@toluene@woody@spicy,
7363,Furfuryl mercaptan,Furfuryl mercaptan,,roast@chocolate@burnt@sulfurous@roasted@smoky@sulfury@fishy@oily@fatty@coffee,bitter
61260,2-Propionylpyrrole,2-Propionylpyrrole,,roast@popcorn,
6430892,"1-Butanol, 3-mercapto-2-methyl-","1-Butanol, 3-mercapto-2-methyl-",,,
11509,3-Hexanone,3-Hexanone,,ether@waxy@grape@sweet@rum@fruity,sweet
62539,"3,4-Hexanedione","3,4-Hexanedione",,caramel@toasted@buttery@nutty@almond,sweet
61988,2-Acetyl-1-ethylpyrrole,2-Acetyl-1-ethylpyrrole,,nutty,
18554,2-Ethylfuran,2-Ethylfuran,,earthy@sweet@burnt@malty,sweet
9261,Pyrazine,Pyrazine,,hazelnut@roasted@barley@sweet corn@pungent,sweet
33931,2-Ethyl-4-hydroxy-5-methyl-3(2H)-furanone,2-Ethyl-4-hydroxy-5-methyl-3(2H)-furanone,,butterscotch@caramel@sweet@candy,sweet
61661,2-(Methoxymethyl)furan,2-(Methoxymethyl)furan,,coffee@roasted,bitter
104620,"4,5-Dimethyl-2-propyloxazole","4,5-Dimethyl-2-propyloxazole",,burnt@roasted,
72,"3,4-Dihydroxybenzoic Acid","3,4-Dihydroxybenzoic Acid",,phenolic@balsamic@mild,
30215,"2,4,5-Trimethyloxazole","2,4,5-Trimethyloxazole",,wasabi@roasted@mustard@shellfish@vegetable@nut skin@nutty,
5280863,kaempferol,kaempferol,,bitter,bitter
62069,"2-Ethyl-4,5-dimethyloxazole","2-Ethyl-4,5-dimethyloxazole",,vegetable@earthy@creamy@green,
6428802,"6,7-Dihydro-2,3-Dimethyl-5H-Cyclopentapyrazine","6,7-Dihydro-2,3-Dimethyl-5H-Cyclopentapyrazine",,,
61199,698-10-2,698-10-2,,caramel@spice@sweet@fruity@maple,sweet
3017596,"2,5-Dimethyl-4-ethoxy-3(2H)-furanone","2,5-Dimethyl-4-ethoxy-3(2H)-furanone",,caramellic@brandy@fruity,sweet
1549521,3-(2-Furyl)acrolein,3-(2-Furyl)acrolein,,,
637775,Sinapic Acid,Sinapic Acid,,odorless,
3321360,"3-Methylcyclohexane-1,2-dione","3-Methylcyclohexane-1,2-dione",,,
77837,"2,5-Dimethylthiazole","2,5-Dimethylthiazole",,nutty@roasted,
6429333,2-Phenyl-2-Butenal,2-Phenyl-2-Butenal,,cortex@radish@narcissus@sweet@beany@honey@cocoa@nutty,sweet
17016,"2,3,6-Trimethylphenol","2,3,6-Trimethylphenol",,,
36225,"2,5-Diethyl-3-Methylpyrazine","2,5-Diethyl-3-Methylpyrazine",,hazelnut@toasted@meaty,umami
61527,"3-Acetyl-2,5-dimethylfuran","3-Acetyl-2,5-dimethylfuran",,leather@earthy@musty@sweet@cocoa@nutty@corn,sweet
32594,2-Isobutyl-3-Methoxypyrazine,2-Isobutyl-3-Methoxypyrazine,,spice@pepper@green pepper@bell@earth@galbanum@pea@green,
65427,5-Ethyl-2-hydroxy-3-methylcyclopent-2-en-1-one,5-Ethyl-2-hydroxy-3-methylcyclopent-2-en-1-one,,,
61658,Furfuryl isovalerate,Furfuryl isovalerate,,berry@grape@ripe@plum@fruity,sweet
7148,Propiophenone,Propiophenone,,lilac@hawthorn,
14511,3-Methyl-2-Cyclohexen-1-One,3-Methyl-2-Cyclohexen-1-One,,cherry@caramel@nut@phenolic,sweet
8868,ethyl acetoacetate,ethyl acetoacetate,,apple@fresh@fatty@fruity@green,sweet
1491,"2,4-dihydroxybenzoic acid","2,4-dihydroxybenzoic acid",,phenolic@mild,
7360,Tetrahydrofurfuryl Alcohol,Tetrahydrofurfuryl Alcohol,,caramel@warm@cauliflower@vegetable@oily@faint,sweet
5372954,cis-Cinnamic acid,cis-Cinnamic acid,,sweet@honey@balsam@storax@cinnamon,sweet
102611,6-methyl-2-(oxiran-2-yl)hept-5-en-2-ol,6-methyl-2-(oxiran-2-yl)hept-5-en-2-ol,,herbal@floral@earthy@wood@flower@green,
24115,Acetyl isobutyryl,Acetyl isobutyryl,,fatty@sweet@creamy@fruity@buttery,sweet
6184,Hexanal,Hexanal,,leafy@grass@sweaty@tallow@fat@fresh@fatty@fruity@aldehydic@green,sweet
121694,"2,5-Dimethyl-4-ethyloxazole","2,5-Dimethyl-4-ethyloxazole",,burnt@roasted,
61261,2-(Methylthio)phenol,2-(Methylthio)phenol,,sulfurous@garlic@onion@egg@meaty,umami
7708,Benzyl formate,Benzyl formate,,pineapple@apricot@floral@fruity@cranberry@almond@black tea@spicy,sweet
61240,2-Acetyl-1-methylpyrrole,2-Acetyl-1-methylpyrrole,,earthy,
521300,1-Hydroxybutan-2-one,1-Hydroxybutan-2-one,,butterscotch@malt@musty@coffee@sweet@grain,sweet;bitter
2734646,"2,3-Dimethylbenzofuran","2,3-Dimethylbenzofuran",,tobacco@smoke@smoky@fennel@chemical@phenolic,
8712,2-Methylbenzenethiol,2-Methylbenzenethiol,,rubber@sulfurous@garlic@onion@egg@meaty,umami
61400,"3,4-Dimethoxystyrene","3,4-Dimethoxystyrene",,cortex@floral@fruity@weedy@green,sweet
26204,"5-Methylhexane-2,3-dione","5-Methylhexane-2,3-dione",,brown@butter@sharp@sweet@creamy@fruity,sweet
30914,Acetylpyrazine,Acetylpyrazine,,tomato@coffee@corn@chocolate@nutty@bread crust@roast@hazelnut@popcorn@bitter@chip,bitter
19707,"2,3-Hexanedione","2,3-Hexanedione",,butter@caramel@oily@fatty@sweet@creamy@fruity@phenolic@dry,sweet
26335,2-Methyl-5-Vinylpyrazine,2-Methyl-5-Vinylpyrazine,,coffee,bitter
62484,3-Hydroxy-2-Pentanone,3-Hydroxy-2-Pentanone,,truffle@herbal@herb,
61252,Tetrahydrothiophen-3-one,Tetrahydrothiophen-3-one,,butter@garlic@vegetable@clam@buttery@meaty@green,umami
61166,Furfuryl propionate,Furfuryl propionate,,banana@oily@coffee@sweet@fruity@spicy@green,sweet;bitter
525358,ethyl methyl trisulfide,ethyl methyl trisulfide,,garlic@onion@green,
28905,"2,3-Diethyl-5-Methylpyrazine","2,3-Diethyl-5-Methylpyrazine",,roast@citrus@hazelnut@roasted@wine_like@potato@vegetable@meat@fatty@floral@earthy@woody@musty@fruity@herbaceous@nutty@meaty@spicy@green,sweet;sour;umami
6998,Salicylaldehyde,Salicylaldehyde,,cooling@medical@wintergreen@spicy@cinnamon,
702,ethanol,ethanol,,alcoholic@ethereal@medical@sweet@strong,sweet
12570,2-Propylphenol,2-Propylphenol,,smoky@medicinal@phenolic,
23642,2-Methoxybenzenethiol,2-Methoxybenzenethiol,,spicy@sulfurous@powdery@smoked@sweet@sausage@meaty@phenolic,sweet;umami
26333,2-Isobutyl-3-Methylpyrazine,2-Isobutyl-3-Methylpyrazine,,syrup@sugar@herbal@green,sweet
123388,Ethyl methyl disulfide,Ethyl methyl disulfide,,truffle@sulfurous,
33166,2-Isopropyl-3-Methoxypyrazine,2-Isopropyl-3-Methoxypyrazine,,earthy@beany@pea@earth,
679,dimethyl sulfoxide,dimethyl sulfoxide,,fatty@mushroom@cheesy@garlic@bitter@oily,bitter;umami
34286,2-Methyl-3-furanthiol,2-Methyl-3-furanthiol,,coconut@meat@sulfury@fishy@metallic@meaty,umami
12180,Methyl butyrate,Methyl butyrate,,apple@pineapple@ether@banana@fruit@sweet@fruity,sweet
20499,Difurfuryl Disulfide,Difurfuryl Disulfide,,roasted@cabbage@onion@sulfury@coffee@chicken@meaty,bitter;umami
146586,Prenylthiol,Prenylthiol,,sulfurous@leek@onion@amine@smoke,
5280343,quercetin,quercetin,,bitter,bitter
520682,3-Mercapto-3-methyl-1-butanol,3-Mercapto-3-methyl-1-butanol,,roasted@vegetable@sweet@meat broth@spicy,sweet
7509,Benzyl Mercaptan,Benzyl Mercaptan,,mint@sulfurous@garlic@onion@sharp@coffee@horseradish@alliaceous,bitter
62510,"4,5-Dimethylthiazole","4,5-Dimethylthiazole",,roast@roasted@boiled shrimp@green@fishy@nutty@smoke,
61670,5-Methylquinoxaline,5-Methylquinoxaline,,burnt@roasted@toasted@coffee@nutty@corn,bitter
5280443,apigenin,apigenin,,bitter,bitter
11160,Methyl isovalerate,Methyl isovalerate,,strong@pineapple@apple@fruity,sweet
106441,2-isopropyl-6-methoxypyrazine,2-isopropyl-6-methoxypyrazine,,,
87466,2-Propylpyrazine,2-Propylpyrazine,,nutty@vegetable@green,
735940,623-15-4,623-15-4,,,
61657,2-Methyl-5-(methylthio)furan,2-Methyl-5-(methylthio)furan,,mustard@garlic@onion@sulfury@coffee@horseradish,bitter
7921,gamma-Valerolactone,gamma-Valerolactone,,tobacco@warm@herbal@cocoa@sweet@woody,sweet
11173,3-Methyl-2-Buten-1-Ol,3-Methyl-2-Buten-1-Ol,,lavender@fruity@herb@green,sweet
2519,caffeine,caffeine,,odorless@bitter,bitter
61700,2-Isopropyl-5-methylpyrazine,2-Isopropyl-5-methylpyrazine,,sweat@earthy@coffee@nutty@green,bitter
19309,3658-77-3,3658-77-3,,caramel@strawberry@grape@cotton@sweet@sugar@candy@almond,sweet
10341,2(5H)-Furanone,2(5H)-Furanone,,buttery,
526487,3-Mercapto-3-methylbutyl formate,3-Mercapto-3-methylbutyl formate,,roast@roasted@sweaty@herbal@cat@fruity,sweet
61662,S-Methyl 2-furancarbothioate,S-Methyl 2-furancarbothioate,,onion@milky@creamy@fried@cooked,
14505,2-Acetylfuran,2-Acetylfuran,,caramel@tobacco@balsamic@potato@coffee@sweet@cocoa@peanut@balsam@almond@beef,sweet;bitter
263034,Difurfuryl ether,Difurfuryl ether,,nutty@coffee,bitter
6736,3-Methylindole,3-Methylindole,,very strong@mothball@animal@fecal@indole@civet,
12170,Furfuryl acetate,Furfuryl acetate,,horseradish@sweet@fruity@banana,sweet
85730,14400-67-0,14400-67-0,,caramel@ester@fruity,sweet
27440,2-Ethyl-4-Methylthiazole,2-Ethyl-4-Methylthiazole,,nutty@pistachio@green,
228583,2-Furylacetone,2-Furylacetone,,radish@spicy,
61634,13494-07-0,13494-07-0,,caramel@sweet@maple,sweet
11363,"1-Phenyl-1,2-Propanedione","1-Phenyl-1,2-Propanedione",,buttery@pepper@honey@plastic,sweet
20534,2-Butylfuran,2-Butylfuran,,mild@wine@sweet@fruity@spicy,sweet
12266,"2,5-Dimethylfuran","2,5-Dimethylfuran",,roast@ethereal@bacon@chemical@gravy@beef@meaty,umami
104722,"1-(3,6-dimethylpyrazin-2-yl)ethanone","1-(3,6-dimethylpyrazin-2-yl)ethanone",,hazelnut@popcorn@roasted,
31253,Myrcene,Myrcene,,peppery@spice@balsamic@must@balsam@terpene@spicy@plastic,
5311110,50-69-1,50-69-1,,,
32093,2-Acetyl-3-Methylpyrazine,2-Acetyl-3-Methylpyrazine,,roasted@toasted@vegetable@grain@nutty,
10797,2-Methylfuran,2-Methylfuran,,ethereal@acetone@chocolate,
6569,2-Butanone,2-Butanone,,ethereal@ether@fruity@acetone@camphor,sweet
528698,42348-12-9,42348-12-9,,sweet@maple,sweet
61656,1-(Methylthio)-2-butanone,1-(Methylthio)-2-butanone,,oily@garlic@mushroom@fishy,umami
61660,S-Furfuryl thioacetate,S-Furfuryl thioacetate,,roast@burnt@roasted@sulfury@coffee@nutty,bitter
5280445,luteolin,luteolin,,bitter,bitter
61633,"3,4-Dimethyl-1,2-cyclopentanedione","3,4-Dimethyl-1,2-cyclopentanedione",,caramel@licorice@sweet@anise@sugar@balsam@maple@fenugreek,sweet
62385,1195-32-0,1195-32-0,,styrene@citrus@gasoline@clove@guaiacol@pine@spicy@phenolic,sour
151199,2-(4-Methoxyphenoxy)propanoic acid,2-(4-Methoxyphenoxy)propanoic acid,,bland,
7095,Biphenyl,Biphenyl,,geranium@rose@pungent@green,
61659,Difurfuryl sulfide,Difurfuryl sulfide,,powerful@sulfury@earthy@coffee@mushroom@meaty,bitter;umami
10887828,2-Methylthioacetaldehyde,2-Methylthioacetaldehyde,,mustard@sulfurous@garlic@onion@vegetable@potato@nutty,
7249,"3,4-Dimethylphenol","3,4-Dimethylphenol",,flat@dry,
11449,"Octane-2,3-dione","Octane-2,3-dione",,dill@buttery@broccoli@cooked,
61653,"2,4,5-Trimethylthiazole","2,4,5-Trimethylthiazole",,hazelnut@chocolate@vegetable@musty@coffee@cocoa@earth@nutty,bitter
8082,Piperidine,Piperidine,,floral@sweet@heavy@bitter@animal,sweet;bitter
518937,Furfuryl methyl sulfide,Furfuryl methyl sulfide,,garlic@onion@vegetable@sulfury@horseradish@pungent,
519732,5-Ethyl-2-methylthiazole,5-Ethyl-2-methylthiazole,,,
323,coumarin,coumarin,,sweet@new mown hay@green@tonka@bitter,sweet;bitter
439341,alpha-Maltose,alpha-Maltose,,odorless@sweet,sweet
6072,Phlorizin,Phlorizin,,bitter,bitter
5281708,daidzein,daidzein,,bitter,bitter
244,benzyl alcohol,benzyl alcohol,,berry@balsamic@rose@floral@walnut@sweet@cherry@phenolic@flower@grapefruit,sweet
441484,alpha-L-Sorbopyranose,alpha-L-Sorbopyranose,,sweet@bitter,sweet;bitter
1889,DL-Liquiritigenin,DL-Liquiritigenin,,bitter,bitter
4788,phloretin,phloretin,,odorless@bitter,bitter
11128,Linamarin,Linamarin,,bitter,bitter
8723,2-Methyl-1-Butanol,2-Methyl-1-Butanol,,roasted@onion@malt@wine@fruity,sweet
5280511,(Z)-cinnamyl alcohol,(Z)-cinnamyl alcohol,,oil@powdery@cinnamic@bitter@sweet@balsam@hyacinth@spicy@green,sweet;bitter
5315892,cinnamyl alcohol,cinnamyl alcohol,,hyacinth@spicy@powdery@sweet@cinnamic@balsam@green@bitter,sweet;bitter
784,hydrogen peroxide,hydrogen peroxide,,bitter,bitter
643941,cis-3-Hexenal,cis-3-Hexenal,,apple@fatty@fruity@leaf@grassy@weedy@green,sweet
637511,cinnamaldehyde,cinnamaldehyde,,spice@warm@red hots@paint@clove@sweet@candy@cinnamon,sweet
8452,Cyclopentanone,Cyclopentanone,,minty,
6986,2-Isopropyl-5-methylcyclohexanone,2-Isopropyl-5-methylcyclohexanone,,mint@fresh@peppermint@sweet@cool@minty@green,sweet
439263,(+)-Neomenthol,(+)-Neomenthol,,camphoraceous@minty@sweet@mentholic,sweet
1110,succinic acid,succinic acid,,sour@odorless,sour
5284639,NSC5112,NSC5112,,bitter,bitter
10393,2-(4-Hydroxyphenyl)ethanol,2-(4-Hydroxyphenyl)ethanol,,floral@sweet@fruity@mild,sweet
7847,Acrolein,Acrolein,,cherry@almond,
441005,(+)-delta-Cadinene,(+)-delta-Cadinene,,herbal@woody@thyme@wood@medicine@dry,
6050,Tributyrin,Tributyrin,,waxy@bitter@fatty@cheese@creamy,bitter;umami
13144,calcium lactate,calcium lactate,,odorless,
638278,isoliquiritigenin,isoliquiritigenin,,bitter,bitter
5280598,Farnesal,Farnesal,,floral@minty,
8768,"3,4-Dihydroxybenzaldehyde","3,4-Dihydroxybenzaldehyde",,almond@medical@bitter@dry,bitter
107971,Daidzin,Daidzin,,bitter,bitter
638011,Citral,Citral,,lemon@citrus@bitter@sweet@sharp@mint,sweet;sour;bitter
5367719,Methyl jasmonate,Methyl jasmonate,,magnolia@jasmine@fresh@waxy@floral@oily@melon@petal,
89594,nicotine,nicotine,,bitter,bitter
439533,Taxifolin,Taxifolin,,bitter,bitter
6251,D-mannitol,D-mannitol,,odorless@sweet,sweet
802,indole-3-acetic acid,indole-3-acetic acid,,sour@odorless@mild,sour
49,3-Methyl-2-oxobutanoic acid,3-Methyl-2-oxobutanoic acid,,fruity,sweet
79803,1-Pyrroline,1-Pyrroline,,shrimp@ammoniacal,
26447,Menthone,Menthone,,menthol@camphor@peppermint@deep@herbal@raspberry@bitter@camphoraceous,bitter
7858,Allyl Alcohol,Allyl Alcohol,,mustard@pungent,
439246,naringenin,naringenin,,bitter,bitter
768,hydrogen cyanide,hydrogen cyanide,,bitter,bitter
2345,Benzyl Benzoate,Benzyl Benzoate,,oil@pineapple@balsamic@herbal@strawberry@oily@faint@sweet@balsam@cherry@almond@herb@cheese,sweet;umami
5284503,trans-3-Hexen-1-ol,trans-3-Hexen-1-ol,,moss@bitter@fresh@fatty@earthy@intensely@green,bitter
8857,Ethyl Acetate,Ethyl Acetate,,pineapple@ethereal@sweet@anise@fruity@balsam@weedy@green,sweet
5365811,4-Hexen-3-One,4-Hexen-3-One,,ethereal@pungent@tropical@metallic@spicy@green,
643779,Neral,Neral,,lemon@lemon peel@sweet@citral,sweet
7288,3-Pentanone,3-Pentanone,,ethereal@acetone@ether,
8130,Heptanal,Heptanal,,citrus@ozone@fat@herbal@fresh@wine-lee@rancid@fatty@aldehydic@green,sour
61503,D-Lactic acid,D-Lactic acid,,acidic@odorless,sour
637542,p-coumaric acid,p-coumaric acid,,balsam@balsamic,
520108,2-Acetylthiazole,2-Acetylthiazole,,sulfur@roast@chocolate@hazelnut@nut@nutty@popcorn@roasted peanuts,
7059,6-Methylquinoline,6-Methylquinoline,,tobacco@castoreum@leather@fecal@civet@tonka,
61641,Methyl 3-(methylthio)propionate,Methyl 3-(methylthio)propionate,,sulfurous@garlic@onion@vegetable@tomato@sweet,sweet
6989,Thymol,Thymol,,herbal@thyme@camphor@medicinal@phenolic,
249494,"3,7-Dimethyloctane-1,7-diol","3,7-Dimethyloctane-1,7-diol",,mild@peony@floral@lily@clean@green,
5363229,3-Octen-2-One,3-Octen-2-One,,crushed bug@nut@herbal@earthy@hay@sweet@blueberry@mushroom@spicy,sweet;umami
875,DL-Tartaric acid,DL-Tartaric acid,,caramellic@very mild,sweet
12813,gamma-Decalactone,gamma-Decalactone,,peach@coconut@caramel@fat@waxy@fresh@oily@fatty@sweet@fruity@strong@buttery,sweet
17000,"2,2,6-Trimethylcyclohexanone","2,2,6-Trimethylcyclohexanone",,pungent@honey@cistus@labdanum@thujone,sweet
243,benzoic acid,benzoic acid,,balsam@urine@faint,
24838,Hexyl 2-methylbutanoate,Hexyl 2-methylbutanoate,,apple@waxy@strawberry@fruity@tropical@spicy@green,sweet
2733294,trans-2-Hexenyl acetate,trans-2-Hexenyl acetate,,banana peel@apple skin@privet@fresh@waxy@sweet@green,sweet
5282708,trans-3-Hexenoic acid,trans-3-Hexenoic acid,,,
229387,Decyl butyrate,Decyl butyrate,,slightly rose@sweet@fruity@waxy,sweet
429065,Ethyl Crotonate,Ethyl Crotonate,,,
16872,Hexyl isobutyrate,Hexyl isobutyrate,,apple@berry@wine@grape@ripe@sweet@fruity@pear@green,sweet
5282707,trans-2-Hexenoic acid,trans-2-Hexenoic acid,,,
27866,Rose oxide,Rose oxide,,red rose@fresh@geranium@spicy@green,
520098,24168-70-5,24168-70-5,,pepper@musty@bell@earth@galbanum@carrot@pea@green,
61953,Theaspirane,Theaspirane,,tobacco@wet@metallic@herbal@woody@leaf@tea@spicy@green,
5282109,Geranyl formate,Geranyl formate,,neroli@tea@green@rose@fresh@bitter,bitter
6993580,87-91-2,87-91-2,,,
261,butyraldehyde,butyraldehyde,,bready@chocolate@creamy@pear@vegetable@fatty@earthy@woody@pungent@nutty@wine_like@meaty@spicy@citrus@herbaceous@green@apple@floral@musty@cocoa@fruity@malty,sweet;sour;umami
522514,Linaloyl oxide,Linaloyl oxide,,,
5054,resorcinol,resorcinol,,musty@creamy@hawthorn@nutty@phenolic,
11514,Isobutyl Isovalerate,Isobutyl Isovalerate,,apple@banana@sweet@fruity@raspberry@green,sweet
61743,9-Decenoic acid,9-Decenoic acid,,waxy@fatty@fruity@soapy@green,sweet
70,4-Methyl-2-oxovaleric acid,4-Methyl-2-oxovaleric acid,,fruity,sweet
5363526,Ocimene quintoxide,Ocimene quintoxide,,,
8499,Methyl 4-Methoxybenzoate,Methyl 4-Methoxybenzoate,,herbal@sweet@anise@melon@balsam,sweet
60979,Ethyl 4-methoxybenzoate,Ethyl 4-methoxybenzoate,,aniseed@anise@fruity@balsam@tarragon,sweet
1549025,Neryl acetate,Neryl acetate,,citrus@lime@dewy@rose@floral@fruit@pear@blossom@soapy@grapefruit,sour
6506,Triethyl Citrate,Triethyl Citrate,,odorless@mild@bitter@fruity@wine,sweet;bitter
31234,3-Phenylpropan-1-ol,3-Phenylpropan-1-ol,,mignonette@cinnamyl@fruit@sweet@anise@balsam@hyacinth@spicy@cinnamon,sweet
7456,Methyl 4-hydroxybenzoate,Methyl 4-hydroxybenzoate,,odorless,
5280804,Isoquercitrin,Isoquercitrin,,odorless,
445154,resveratrol,resveratrol,,bitter,bitter
6440397,caftaric acid,caftaric acid,,odorless,
68077,Tangeretin,Tangeretin,,bitter,bitter
5281654,Isorhamnetin,Isorhamnetin,,bitter,bitter
442428,naringin,naringin,,bitter,bitter
12810,Delta-Decalactone,Delta-Decalactone,,peach@butter@coconut@apricot@fresh@oily@creamy@plum@sweet@fruity@dairy,sweet
5283349,"(2E,4E)-deca-2,4-dienal","(2E,4E)-deca-2,4-dienal",,citrus@orange@nut@wax@meat@fat@fresh@fatty@oily@cucumber@sweet@melon@pumpkin@fried@green,sweet;sour
8842,Citronellol,Citronellol,,waxy@bitter@citrus@rose@leather@geranium@floral@rose bud,sour;bitter
7770,Propyl butyrate,Propyl butyrate,,solvent@pineapple@apricot@sweaty@rancid@sweet@fruity,sweet
60983,"2,3-Heptanedione","2,3-Heptanedione",,oily@butter@cheese,umami
7462,Alpha-Terpinene,Alpha-Terpinene,,lemon@citrus@terpene@medicinal@herbal@woody@bitter@camphoraceous,sour;bitter
16666,l-Menthol,l-Menthol,,cooling@tobacco@mentholic@peppermint@camphoraceous@minty,
6874,Isoamyl salicylate,Isoamyl salicylate,,wintergreen@tobacco@metallic@floral@soapy@herbal@woody@bitter@orchid,bitter
61450,Ethyl 3-(2-furyl)propionate,Ethyl 3-(2-furyl)propionate,,pineapple@sweet@fruity@balsam,sweet
31226,3-Phenylpropyl acetate,3-Phenylpropyl acetate,,spicy@sweet@balsam@storax@cinnamon@bitter,sweet;bitter
18686,Ethyl cyclohexanecarboxylate,Ethyl cyclohexanecarboxylate,,winey@fruit@fruity@cheese,sweet;umami
7755,3-Methylvaleric acid,3-Methylvaleric acid,,cheesy@sweaty@acidic@sharp@animal@fruity@green,sweet;sour
229377,Propyl heptanoate,Propyl heptanoate,,apple@pineapple@wine@grape@ripe@strawberry@sweet@fruity@pear@green,sweet
7583,Diphenyl oxide,Diphenyl oxide,,geranium@phenolic@green@leaf,
526624,Bis(2-methyl-3-furyl)disulfide,Bis(2-methyl-3-furyl)disulfide,,roasted@onion@sulfury@scallion@roasted meat@meaty,umami
5352543,cis-3-Hexenyl hexanoate,cis-3-Hexenyl hexanoate,,pineapple@prune@waxy@winey@fruit@fruity@tropical@pear@grassy@green,sweet
8164,Octyl acetate,Octyl acetate,,herbal@waxy@earthy@mushroom@green,umami
7742,gamma-Heptalactone,gamma-Heptalactone,,coconut@caramel@nut@fat@hay@fruit@sweet@nutty@tonka,sweet
88290,19872-52-7,19872-52-7,,box tree@sulfurous@blackcurrant@cat-urine@meaty,umami
35821,Dihydro-alpha-ionone,Dihydro-alpha-ionone,,,
5281929,Methyl jasmonate,Methyl jasmonate,,sharp persistent odor,
5367706,cis-3-Hexenyl benzoate,cis-3-Hexenyl benzoate,,fresh@floral@fatty@balsam@leaf@orchid@green,
9016,"1,4-Dimethoxybenzene","1,4-Dimethoxybenzene",,sweet@fennel@bitter@green@new mown hay,sweet;bitter
5370101,"6-Methylhepta-3,5-dien-2-one","6-Methylhepta-3,5-dien-2-one",,,
16217806,Vitamin U,Vitamin U,,potato@tomato@sulfury@malty@green,
13204,delta-Hexalactone,delta-Hexalactone,,sweet@herbal,sweet
5363140,5-Methyl-3-Hexen-2-One,5-Methyl-3-Hexen-2-One,,sweet@berry@cheese,sweet;umami
5352626,Jasmine lactone,Jasmine lactone,,,
31209,122-40-7,122-40-7,,jasmine-like odor,
5352461,trans-2-Hexenyl butyrate,trans-2-Hexenyl butyrate,,apple@banana@fruity@orchid@grassy@green,sweet
5367682,cis-3-Hexenyl pentanoate,cis-3-Hexenyl pentanoate,,kiwi@apple@unripe banana@fruity@tropical@pear@green,sweet
23235,Hexyl benzoate,Hexyl benzoate,,fresh@sappy@woody@clean@balsam,
5366077,alpha-Damascone,alpha-Damascone,,,
102861,24851-98-7,24851-98-7,,lactonic@jasmin@floral@oily@tropical@natural@green,
5365991,Neryl isobutyrate,Neryl isobutyrate,,strawberry@fresh@sweet@fruity@raspberry@green,sweet
5352463,2-Hexenyl propanoate,2-Hexenyl propanoate,,apple@pear@fruity@green,sweet
3102,Benzophenone,Benzophenone,,peach@powdery@apricot@rose@balsam@geranium@metallic,
5365049,cis-3-Hexenyl propionate,cis-3-Hexenyl propionate,,leafy@apple@fresh@waxy@fruity@pear@green,sweet
642039,4-Methyl-2-pentenoic acid,4-Methyl-2-pentenoic acid,,,
7650,Benzyl butyrate,Benzyl butyrate,,peach@butter@berry@jasmine@apricot@jasmin@fresh@logenberry@plum@fruity@pear@cheese,sweet;umami
5367681,cis-3-Hexenyl isovalerate,cis-3-Hexenyl isovalerate,,apple@pineapple@fresh@tropical@fruity@green,sweet
65428,6-Hydroxydihydrotheaspirane,6-Hydroxydihydrotheaspirane,,,
58,2-oxobutanoic acid,2-oxobutanoic acid,,brown@caramel@lactonic@sweet@creamy,sweet
61151,Methyl 2-methoxybenzoate,Methyl 2-methoxybenzoate,,blackcurrant@cananga@herbal@floral@fruity@hyacinth,sweet
12072,Dihydrocarveol,Dihydrocarveol,,mint@spice@herbal@menthol@minty@spearmint,
5916154,4-Methyl-2-Pentenal,4-Methyl-2-Pentenal,,,
5282724,2-Decenoic acid,2-Decenoic acid,,waxy@fresh@oily@sweet@fruity,sweet
16441,Perillaldehyde,Perillaldehyde,,mint@spice@fat@herbal@fresh@oily@fatty@sweet@cherry@grassy@cumin@green,sweet
5365587,cis-3-Hexenyl formate,cis-3-Hexenyl formate,,vegetable@sharp@waxy@fresh@sweet@grassy@green,sweet
442495,(+)-Pulegone,(+)-Pulegone,,"pleasant odor, midway between peppermint and camphor",
221691,Hexyl phenylacetate,Hexyl phenylacetate,,rose@foliage@wine@waxy@sweet@fruity@green,sweet
10402,Citronellic acid,Citronellic acid,,smoky@fatty@floral@grassy@green,
529481,"3-methylnonane-2,4-dione","3-methylnonane-2,4-dione",,caramel@burnt@straw@fruit@fruity,sweet
17691,3-Methyl-2-Cyclopenten-1-One,3-Methyl-2-Cyclopenten-1-One,,fatty@sweet@fruity,sweet
6435914,4-methyl-2-phenylpent-2-enal,4-methyl-2-phenylpent-2-enal,,,
5352162,Neryl butyrate,Neryl butyrate,,apple@orange@rose@waxy@oily@fatty@fruit@sweet@fruity@tropical@leaf@raspberry@green,sweet
24834,4-Ethoxybenzaldehyde,4-Ethoxybenzaldehyde,,floral@anisic@sweet@spicy,sweet
61325,4077-47-8,4077-47-8,,caramel@moldy@potato@grape@sweet@fruity@maple@mildew@mossy@mushroom,sweet;umami
5281167,(Z)-Hex-3-en-1-ol,(Z)-Hex-3-en-1-ol,,leafy@grass@foliage@vegetable@herbal@fresh@cut grass@oily@green,
6943,2-Isopropylphenol,2-Isopropylphenol,,phenolic@medicinal@creosote,
1119,sulfur dioxide,sulfur dioxide,,bitter,bitter
77932,Diisopropyl disulfide,Diisopropyl disulfide,,cabbage@sulfurous@onion@alliaceous@meaty,umami
595928,"4-Methyl-2-phenyl-1,3-dioxolane","4-Methyl-2-phenyl-1,3-dioxolane",,naphthalic@bitter@narcissus@sweet@woody,sweet;bitter
5273467,Isopentyl cinnamate,Isopentyl cinnamate,,amber@floral@musty@cocoa@orchid,
637564,"2,4-Hexadienal","2,4-Hexadienal",,citrus@floral@sweet@spicy@green,sweet;sour
7958,"2,6-Dimethyl-4-heptanone","2,6-Dimethyl-4-heptanone",,pineapple@banana@fruity@metallic@green,sweet
5365891,2-Octen-4-one,2-Octen-4-one,,,
6915,2-Ethylbutyric Acid,2-Ethylbutyric Acid,,sour@caramel@berry@acidic@whiskey@fruity@dry,sweet;sour
7359,2-Ethylbutanal,2-Ethylbutanal,,ethereal@cocoa@sweet@fruity@green,sweet
61184,Isopropyl butyrate,Isopropyl butyrate,,pineapple@ether@ripe@fruit@sweet@pungent@fruity@estery,sweet
522676,Isoamyl nonanoate,Isoamyl nonanoate,,oily@floral@fruity@apricot,sweet
5372813,Alpha-Methylcinnamaldehyde,Alpha-Methylcinnamaldehyde,,,
4,1-Aminopropan-2-ol,1-Aminopropan-2-ol,,fishy,
8438,Piperonal,Piperonal,,coconut@heliotrope@powdery@sweet@vanilla@flower@violet@bitter,sweet;bitter
11614,Butyl Formate,Butyl Formate,,brandy@plum@fruity@rum,sweet
226486,"4-Allyl-2,6-dimethoxyphenol","4-Allyl-2,6-dimethoxyphenol",,burnt@roasted@bacon@smoky@sweet@flower@ham@meaty,sweet;umami
7476,4'-Methoxyacetophenone,4'-Methoxyacetophenone,,butter@anisic@powdery@sweet@balsamic@hawthorn@caramel@acacia@bitter@vanilla,sweet;bitter
8007,Butylamine,Butylamine,,ammonia@fishy,
17898,2-Methoxy-3-Methylpyrazine,2-Methoxy-3-Methylpyrazine,,,
11559,alpha-Angelica lactone,alpha-Angelica lactone,,,
994,Dl-Phenylalanine,Dl-Phenylalanine,,odorless,
5960,L-aspartic acid,L-aspartic acid,,odorless,
6140,L-phenylalanine,L-phenylalanine,,odorless@bitter,bitter
521246,3-oxobutan-2-yl acetate,3-oxobutan-2-yl acetate,,buttery@sweet@pungent@creamy,sweet
5463485,"2,4-Decadienoic acid methyl ester","2,4-Decadienoic acid methyl ester",,,
5362592,"Propyl 2,4-decadienoate","Propyl 2,4-decadienoate",,fatty@pear@melon@green,
5463904,Ethyl trans-2-decenoate,Ethyl trans-2-decenoate,,apple@waxy@fruity@pear@green,sweet
5281162,3025-30-7,3025-30-7,,apple@waxy@creamy@sweet@fruity@tropical@pear@green,sweet
7460,Alpha-Phellandrene,Alpha-Phellandrene,,mint@citrus@peppery@spice@herbal@turpentine@woody@terpene@green,sour
5367531,"(2E,4E)-Undeca-2,4-dienal","(2E,4E)-Undeca-2,4-dienal",,caramellic@spicy,sweet
10558,Isobutyl mercaptan,Isobutyl mercaptan,,mustard@vegetable@cooked,
61030,Octyl butyrate,Octyl butyrate,,jasmin@waxy@fresh@oily@earthy@creamy@fruity@natural@green,sweet
7193,Isopentyl benzoate,Isopentyl benzoate,,sweet@waxy@balsamic@green,sweet
5362583,Ethyl trans-4-decenoate,Ethyl trans-4-decenoate,,cognac@fruity@waxy@green,sweet
639665,Xanthohumol,Xanthohumol,,bitter,bitter
643139,3-Hexenal,3-Hexenal,,leafy@apple@stem@tomato@melon@fruity@natural@green,sweet
7707,3-Phenylpropanal,3-Phenylpropanal,,chocolate@cortex@clove@foliage@strawberry@fresh@green@honey@balsam@leaf@hyacinth@storax@cinnamon,sweet
75515,S-Methyl hexanethioate,S-Methyl hexanethioate,,ethereal@tropical@fruity@green,sweet
7848,1-Propanethiol,1-Propanethiol,,cabbage@onion@sweet@gassy@natural,sweet
529496,2-Heptyl butanoate,2-Heptyl butanoate,,vegetable@fruity@green,sweet
5362622,Ethyl 3-Hexenoate,Ethyl 3-Hexenoate,,,
8432,1-Phenylethyl propionate,1-Phenylethyl propionate,,gardenia@rose@fresh@floral@sweet@weedy@green,sweet
8169,Heptyl formate,Heptyl formate,,apple@herbal@waxy@floral@cucumber@plum@green,
8175,Decanal,Decanal,,citrus@soap@orange peel@tallow@waxy@floral@sweet@aldehydic,sweet;sour
21057,1-Hepten-3-Ol,1-Hepten-3-Ol,,acrylate@tomato@oily@metallic@spicy@green,
9609,Diethyl sulfide,Diethyl sulfide,,ethereal@sulfurous,
31291,Tetradecanal,Tetradecanal,,citrus peel@incense@amber@wax@waxy@fatty@musk@flower@dry,sour
9017,Citronellyl acetate,Citronellyl acetate,,lemon@citrus@rose@floral@fruit@woody@fruity@tropical@dust@green,sweet;sour
5463238,2-Hepten-4-One,2-Hepten-4-One,,ethereal,
964,3-Hydroxypyruvic acid,3-Hydroxypyruvic acid,,sour@cabbage@radish,sour
1549018,cis-Jasmone,cis-Jasmone,,jasmine@jasmin@herbal@floral@woody@celery@spicy,
10925,Isoamyl mercaptan,Isoamyl mercaptan,,glue@onion,
513197,Isoxanthohumol,Isoxanthohumol,,bitter,bitter
7646,Benzyl isobutyrate,Benzyl isobutyrate,,jasmine@jasmin@rose@oily@sweet@fruity@tropical,sweet
8918,Nonyl Acetate,Nonyl Acetate,,waxy@gardenia@soapy@tropical@fruit@green@clean@sweet@bitter@fruity,sweet;bitter
240925,"2,6-Dimethoxy-4-methylphenol","2,6-Dimethoxy-4-methylphenol",,caramel@spice@woody@root@phenolic@eugenol@medicinal@smoke,sweet
638122,2-Pentenoic Acid,2-Pentenoic Acid,,,
65285,S-Methyl 2-methylbutanethioate,S-Methyl 2-methylbutanethioate,,,
