id,name,category,subcategory,aliases
bakery-products,Bakery Products,bakery,,bakery
bread,Bread,bakery,,bread
rye-bread,Rye Bread,bakery,,bread-rye
wheaten-bread,Wheaten Bread,bakery,,bread-wheaten
white-bread,White Bread,bakery,,bread-white
wholewheat-bread,Wholewheat Bread,bakery,,bread-wholewheat
wort,Wort,beverage,,wort
arrack,Arrack,beverage-alcoholic,,arrack
beer,Beer,beverage-alcoholic,,beer
bantu-beer,Bantu Beer,beverage-alcoholic,,beer
brandy,Brandy,beverage-alcoholic,,brandy
anise-brandy,Anise Brandy,beverage-alcoholic,,brandy-anise
apple-brandy,Apple Brandy,beverage-alcoholic,,brandy-apple
armagnac-brandy,Armagnac Brandy,beverage-alcoholic,,brandy-armagnac
blackberry-brandy,Blackberry Brandy,beverage-alcoholic,,brandy-blackberry
cherry-brandy,Cherry Brandy,beverage-alcoholic,,brandy-cherry
cognac-brandy,Cognac Brandy,beverage-alcoholic,,brandy-cognac
papaya-brandy,Papaya Brandy,beverage-alcoholic,,brandy-papaya
pear-brandy,Pear Brandy,beverage-alcoholic,,brandy-pear
plum-brandy,Plum Brandy,beverage-alcoholic,,brandy-plum
raspberry-brandy,Raspberry Brandy,beverage-alcoholic,,brandy-raspberry
weinbrand-brandy,Weinbrand Brandy,beverage-alcoholic,,brandy-weinbrand
gin,Gin,beverage-alcoholic,,gin
rum,Rum,beverage-alcoholic,,rum
whisky,Whisky,beverage-alcoholic,,whisky
bourbon-whisky,Bourbon Whisky,beverage-alcoholic,,whisky-bourbon
canadian-whisky,Canadian Whisky,beverage-alcoholic,,whisky-canadian
finnish-whisky,Finnish Whisky,beverage-alcoholic,,whisky-finnish
japanese-whisky,Japanese Whisky,beverage-alcoholic,,whisky-japanese
malt-whisky,Malt Whisky,beverage-alcoholic,,whisky-malt
scotch-whisky,Scotch Whisky,beverage-alcoholic,,whisky-scotch
wine,Wine,beverage-alcoholic,,wine
bilberry-wine,Bilberry Wine,beverage-alcoholic,,wine-bilberry
botrytized-wine,Botrytized Wine,beverage-alcoholic,,wine-botrytized
champagne,Champagne,beverage-alcoholic,,wine-champagne
cider,Cider,beverage-alcoholic,,wine-cider
plum-wine,Plum Wine,beverage-alcoholic,,wine-plum
port-wine,Port Wine,beverage-alcoholic,,wine-port
red-wine,Red Wine,beverage-alcoholic,,wine-red
rose-wine,Rose Wine,beverage-alcoholic,,wine-rose
sake,Sake,beverage-alcoholic,,wine-sake
sherry,Sherry,beverage-alcoholic,,wine-sherry
sparkling-wine,Sparkling Wine,beverage-alcoholic,,wine-sparkling
strawberry-wine,Strawberry Wine,beverage-alcoholic,,wine-strawberry
white-wine,White Wine,beverage-alcoholic,,wine-white
coffee,Coffee,beverage-caffeinated,,coffee
mate,Mate,beverage-caffeinated,,mate
black-tea,Black Tea,beverage-caffeinated,,tea-black
green-tea,Green Tea,beverage-caffeinated,,tea-green
roibos-tea,Roibos Tea,beverage-caffeinated,,tea-rooibos
barley,Barley,cerealcrop-cereal,,barley
crispbread,Crispbread,cerealcrop-cereal,,crispbread
malt,Malt,cerealcrop-cereal,,malt
oats,Oats,cerealcrop-cereal,,oats
rice,Rice,cerealcrop-cereal,,rice
corn,Corn,cerealcrop-maize,,corn
corn-oil,Corn Oil,cerealcrop-maize,,corn-oil
popcorn,Popcorn,cerealcrop-maize,,corn-popcorn
sweetcorn,Sweetcorn,cerealcrop-maize,,corn-sweetcorn
butter,Butter,dairy,,butter
buttermilk,Buttermilk,dairy,,buttermilk
cheese,Cheese,dairy,,cheese
blue-cheese,Blue Cheese,dairy,,cheese-blue
camembert-cheese,Camembert Cheese,dairy,,cheese-camembert
cheddar-cheese,Cheddar Cheese,dairy,,cheese-cheddar
comte-cheese,Comte Cheese,dairy,,cheese-comte
cottage-cheese,Cottage Cheese,dairy,,cheese-cottage
cream-cheese,Cream Cheese,dairy,,cheese-cream
domiati-cheese,Domiati Cheese,dairy,,cheese-domiati
emmental-cheese,Emmental Cheese,dairy,,cheese-emmental
feta-cheese,Feta Cheese,dairy,,cheese-feta
goat-cheese,Goat Cheese,dairy,,cheese-goat
gruyere-cheese,Gruyere Cheese,dairy,,cheese-gruyere
limburger-cheese,Limburger Cheese,dairy,,cheese-limburger
mozzarella-cheese,Mozzarella Cheese,dairy,,cheese-mozzarella
munster-cheese,Munster Cheese,dairy,,cheese-munster
other-cheeses,Other Cheeses,dairy,,cheese-other
parmesan-cheese,Parmesan Cheese,dairy,,cheese-parmesan
provolone-cheese,Provolone Cheese,dairy,,cheese-provolone
romano-cheese,Romano Cheese,dairy,,cheese-romano
roquefort-cheese,Roquefort Cheese,dairy,,cheese-roquefort
russian-cheese,Russian Cheese,dairy,,cheese-russia
sheep-cheese,Sheep Cheese,dairy,,cheese-sheep
swiss-cheese,Swiss Cheese,dairy,,cheese-swiss
tilsit-cheese,Tilsit Cheese,dairy,,cheese-tilsit
dairy-products,Dairy Products,dairy,,dairy-products
ghee,Ghee,dairy,,ghee
milk,Milk,dairy,,milk
milk-fat,Milk Fat,dairy,,milk-fat
goat-milk,Goat Milk,dairy,,milk-goat
milk-powder,Milk Powder,dairy,,milk-powder
sheep-milk,Sheep Milk,dairy,,milk-sheep
skimmed-milk,Skimmed Milk,dairy,,milk-skimmed
yogurt,Yogurt,dairy,,yogurt
achilleas,Achilleas,essentialoil,,achillea
arar,Arar,essentialoil,,arar
buchu,Buchu,essentialoil,,buchu
cajeput,Cajeput,essentialoil,,cajeput
camphor,Camphor,essentialoil,,camphor
cascarilla,Cascarilla,essentialoil,,cascarilla
cedar,Cedar,essentialoil,,cedar
chamomile,Chamomile,essentialoil,,chamomile
citronella,Citronella,essentialoil,,citronella-oil
citrus-peel-oil,Citrus Peel Oil,essentialoil,,citrus-fruitpeeloil
eucalyptus,Eucalyptus,essentialoil,,eucalyptusoil
fir,Fir,essentialoil,,fir
geranium,Geranium,essentialoil,,geranium
grapefruit-peel-oil,Grapefruit Peel Oil,essentialoil,,grapefruit-peeloil
grass,Grass,essentialoil,,grass
hops-oil,Hops Oil,essentialoil,,hops-oil
hyacinth,Hyacinth,essentialoil,,hyacinth
hyssop-oil,Hyssop Oil,essentialoil,,hyssopoil
lemon-grass,Lemon Grass,essentialoil,,grass
lemon-peel-oil,Lemon Peel Oil,essentialoil,,lemon
lime-peel-oil,Lime Peel Oil,essentialoil,,lime
lovage,Lovage,essentialoil,,lovage
mandarin-orange-peel-oil,Mandarin Orange Peel Oil,essentialoil,,mandarinorange-peeloil
mastic-gum,Mastic Gum,essentialoil,,mastic
mentha-oil,Mentha Oil,essentialoil,,menthaoil
myrrh,Myrrh,essentialoil,,myrrh
neroli-oil,Neroli Oil,essentialoil,,nerolioil
orange-oil,Orange Oil,essentialoil,,orange
orris,Orris,essentialoil,,orris
clary-sage,Clary Sage,essentialoil,,sage-clarysage
red-sage,Red Sage,essentialoil,,sage-redsage
spanish-sage,Spanish Sage,essentialoil,,sage-spanishsage
sandalwood,Sandalwood,essentialoil,,sandalwood
sea-buckthorns,Sea Buckthorns,fruit-berry,,seabuckthorn
sweet-grass,Sweet Grass,essentialoil,,grass
valerian,Valerian,essentialoil,,valerian
wattle,Wattle,essentialoil,,wattle
yarrow,Yarrow,essentialoil,,yarrow
ylang-ylang,Ylang-ylang,essentialoil,,ylangylang-oil
clam,Clam,fishseafood-seafood,,clam
crab,Crab,fishseafood-seafood,,crab
crayfish,Crayfish,fishseafood-seafood,,crayfish
kelp,Kelp,fishseafood-seafood,,kelp
krill,Krill,fishseafood-seafood,,krill
lobster,Lobster,fishseafood-seafood,,lobster
mollusc,Mollusc,fishseafood-seafood,,mollusc
oyster,Oyster,fishseafood-seafood,,oyster
prawn,Prawn,fishseafood-seafood,,prawn
scallop,Scallop,fishseafood-seafood,,scallop
shellfish,Shellfish,fishseafood-seafood,,shellfish
shrimp,Shrimp,fishseafood-seafood,,shrimp
trassi,Trassi,fishseafood-seafood,,shrimp-pastedried
squid,Squid,fishseafood-seafood,,squid
bonito,Bonito,fishseafood-fish,,bonito
caviar,Caviar,fishseafood-fish,,caviar
codfish,Codfish,fishseafood-fish,,codfish
fish,Fish,fishseafood-fish,,fish
fatty-fish,Fatty Fish,fishseafood-fish,,fish-fatty
lean-fish,Lean Fish,fishseafood-fish,,fish-lean
fish-oil,Fish Oil,fishseafood-fish,,fish-oil
smoked-fish,Smoked Fish,fishseafood-fish,,fish-smoked
salmon,Salmon,fishseafood-fish,,salmon
artichoke,Artichoke,plant,flower,artichoke
champaca,Champaca,plant,flower,champaca
jasmine,Jasmine,plant,flower,jasmine
lavendar,Lavendar,plant,flower,lavendar
rose,Rose,plant,flower,rose
apple,Apple,fruit,,apple
apple-sauce,Apple Sauce,fruit,,apple-sauce
apricot,Apricot,fruit,,apricot
avocado,Avocado,fruit,,avocado
babaco,Babaco,fruit,,babaco
banana,Banana,fruit,,banana
beli,Beli,fruit,,beli
byrsonima-crassifolia,Byrsonima Crassifolia,fruit,,byrsonima-crassifolia
cashew-apple,Cashew Apple,fruit,,cashewapple
cherimoya,Cherimoya,fruit,,cherimoya
coconut,Coconut,fruit,,coconut
currant,Currant,fruit,,currant
black-currant,Black Currant,fruit,,currant-black
red-currant,Red Currant,fruit,,currant-red
white-currant,White Currant,fruit,,currant-white
dates,Dates,fruit,,dates
durian,Durian,fruit,,durian
elderberry,Elderberry,fruit,,elderberry
feijoa,Feijoa,fruit,,feijoa
fig,Fig,fruit,,fig
grape,Grape,fruit,,grape
guava,Guava,fruit,,guava
hogplum,Hogplum,fruit,,hogplum
jackfruit,Jackfruit,fruit,,jackfruit
kiwifruit,Kiwifruit,fruit,,kiwi
litchi,Litchi,fruit,,litchi
loquat,Loquat,fruit,,loquat
malay-apple,Malay Apple,fruit,,malayapple
mango,Mango,fruit,,mango
melon,Melon,fruit,,melon
musk-melon,Musk Melon,fruit,,melon-muskmelon
naranjilla,Naranjilla,fruit,,naranjilla
orange,Orange,fruit,,orange
bitter-orange,Bitter Orange,fruit,,orange
papaya,Papaya,fruit,,papaya
mountain-papaya,Mountain Papaya,fruit,,papaya
passionfruit,Passionfruit,fruit,,passionfruit
yellow-passionfruit,Yellow Passionfruit,fruit,,passionfruit-yellow
pawpaw,Pawpaw,fruit,,pawpaw
peach,Peach,fruit,,peach
pear,Pear,fruit,,pear
bartlett-pear,Bartlett Pear,fruit,,pear-barlett
prickly-pear,Prickly Pear,fruit,,pear-prickly
pepino,Pepino,fruit,,pepino
pineapple,Pineapple,fruit,,pineapple
plum,Plum,fruit,,plum
plumcot,Plumcot,fruit,,plum-plumcothybrid
pumpkin,Pumpkin,fruit,,pumpkin
quince,Quince,fruit,,quince
chinese-quince,Chinese Quince,fruit,,quince-chinese
raisin,Raisin,fruit,,raisin
roseapple,Roseapple,fruit,,roseapple
sapodilla,Sapodilla,fruit,,sapodilla
soursop,Soursop,fruit,,soursop
spineless-monkey-orange,Spineless Monkey Orange,fruit,,spinelessmonkeyorange
starfruit,Starfruit,fruit,,starfruit
tamarind,Tamarind,fruit,,tamarind
woodapple,Woodapple,fruit,,woodapple
berry,Berry,fruit-berry,,berry
bilberry,Bilberry,fruit-berry,,bilberry
blackberry,Blackberry,fruit-berry,,blackberry
blueberry,Blueberry,fruit-berry,,blueberry
cherry,Cherry,fruit-berry,,cherry
bitter-cherry,Bitter Cherry,fruit-berry,,cherry-choke
sour-cherry,Sour Cherry,fruit-berry,,cherry-morello
wild-cherry,Wild Cherry,fruit-berry,,cherry-sweet
cloudberry,Cloudberry,fruit-berry,,cloudberry
cranberry,Cranberry,fruit-berry,,cranberry
gooseberry,Gooseberry,fruit-berry,,gooseberry
lingonberry,Lingonberry,fruit-berry,,lingonberry
loganberry,Loganberry,fruit-berry,,loganberry
raspberry,Raspberry,fruit-berry,,raspberry
strawberry,Strawberry,fruit-berry,,strawberry
strawberry-jam,Strawberry Jam,fruit-berry,,strawberry-jam
bergamot,Bergamot,fruit-citrus,,bergamot
citrus-fruits,Citrus Fruits,fruit-citrus,,citrus
grapefruit,Grapefruit,fruit-citrus,,grapefruit
kumquat,Kumquat,fruit-citrus,,kumquat
lemon,Lemon,fruit-citrus,,lemon
lime,Lime,fruit-citrus,,lime
mandarin-orange,Mandarin Orange,fruit-citrus,,mandarinorange
satsuma-orange,Satsuma Orange,fruit-citrus,,satsumamandarin
tangerine,Tangerine,fruit-citrus,,tangerine
vanilla,Vanilla,fruit-essence,,vanilla
mushroom,Mushroom,fungus,,mushroom
truffle,Truffle,fungus,,truffle
angelica,Angelica,herb,,angelica
artemisia,Artemisia,herb,,artemisia
basil,Basil,herb,,basil
buckwheat,Buckwheat,herb,,buckwheat
calamus,Calamus,herb,,calamus
chervil,Chervil,herb,,chervil
coriander,Coriander,herb,,coriander
cornmint,Cornmint,herb,,cornmint
dill,Dill,herb,,dill
fennel,Fennel,herb,,fennel
fenugreek,Fenugreek,herb,,fenugreek
garlic,Garlic,herb,,garlic
lemon-balm,Lemon Balm,herb,,lemonbalm
liqourice,Liqourice,herb,,liquorice
mint,Mint,herb,,mint
rhubarb,Rhubarb,herb,,rhubarb
rosemary,Rosemary,herb,,rosemary
sage,Sage,herb,,sage
spearmint,Spearmint,herb,,spearmint-oil
scotch-spearmint,Scotch Spearmint,herb,,spearmint-scotch
tarragon,Tarragon,herb,,tarragon
thyme,Thyme,herb,,thyme
beef,Beef,protein,meat,beef
beef-processed,Beef Processed,protein,meat,beef-processed
chicken,Chicken,protein,meat,chicken
frankfurter-sausage,Frankfurter Sausage,dish,,frankfurter
ham,Ham,protein,meat,ham
lamb,Lamb,protein,meat,lamb
meat,Meat,protein,meat,meat
mutton,Mutton,protein,meat,mutton
pork,Pork,protein,meat,pork
sukiyaki,Sukiyaki,protein,meat,sukiyaki
turkey,Turkey,protein,meat,turkey
almond,Almond,nutseed-nut,,almond
brazil-nut,Brazil Nut,nutseed-nut,,brazilnut
cocoa,Cocoa,nutseed-seed,,cocoa
beans,Beans,nutseed-legume,,beans
lima-beans,Lima Beans,nutseed-legume,,beans-limabeans
kidney-beans,Kidney Beans,nutseed-legume,,beans-redkidneybeans
peanut,Peanut,nutseed-legume,,peanut
peas,Peas,nutseed-legume,,peas
soybean,Soybean,nutseed-legume,,soybean
soybean-oil,Soybean Oil,nutseed-legume,,soybean-oil
soybean-sauce,Soybean Sauce,plantderivative,,soybean-sauce
filbert,Filbert,nutseed-nut,,filbert
hazelnut,Hazelnut,nutseed-nut,,hazelnut
macadamia-nut,Macadamia Nut,nutseed-nut,,macadamianut
nuts,Nuts,nutseed-nut,,nuts
pecans,Pecans,nutseed-nut,,pecans
walnut,Walnut,nutseed-nut,,walnut
muskmallow,Muskmallow,nutseed-seed,,muskmallow
sesame,Sesame,nutseed-seed,,sesame
allium,Allium,plant,,allium
